name,channel,location,url,notes,send_template,call_script
"Robert Half Technology","Agency / web form","Cleveland","https://www.roberthalf.com/us/en/location/ohio/cleveland","Staffing agency with local data-center benches; US-citizen screening likely available","Agency outreach - Twinsburg rack/stack","Need 2 US-citizen rack/stack engineers for Twinsburg OH 44087 this week. Can you send 2 profiles, rates, and availability today?"
"Aerotek / Aston Carter","Agency / web form","Cleveland / Akron","https://www.aerotek.com/en-us/location/ohio","Strong in Northeast Ohio skilled trades/contractors","Agency outreach - Twinsburg rack/stack","Need 2 US-citizen rack/stack engineers for Twinsburg OH 44087 this week. Can you send 2 profiles, rates, and availability today?"
"TEKsystems","Agency / web form","Cleveland","https://www.teksystems.com/en-us/locations/united-states/ohio","Ohio contractor bench for rack/cabling/patch work","Agency outreach - Twinsburg rack/stack","Need 2 US-citizen rack/stack engineers for Twinsburg OH 44087 this week. Can you send 2 profiles, rates, and availability today?"
"Randstad","Agency / web form","Cleveland","https://www.randstadusa.com/locations/oh/cleveland/","Cleveland-area contractor staffing","Agency outreach - Twinsburg rack/stack","Need 2 US-citizen rack/stack engineers for Twinsburg OH 44087 this week. Can you send 2 profiles, rates, and availability today?"
"Insight Global","Agency / web form","Clevelland","https://www.insightglobal.com/locations/cleveland/","IT field roles in Cleveland","Agency outreach - Twinsburg rack/stack","Need 2 US-citizen rack/stack engineers for Twinsburg OH 44087 this week. Can you send 2 profiles, rates, and availability today?"
"Kforce","Agency / web form","National","https://www.kforce.com/work-with-us","Data-center contractor placements; LinkedIn may work also","Agency outreach - Twinsburg rack/stack","Need 2 US-citizen rack/stack engineers for Twinsburg OH 44087 this week. Can you send 2 profiles, rates, and availability today?"
"Collabera","Agency / web form","Remote / national","https://collabera.com/contact-us","IT contractors including infrastructure/data-center","Agency outreach - Twinsburg rack/stack","Need 2 US-citizen rack/stack engineers for Twinsburg OH 44087 this week. Can you send 2 profiles, rates, and availability today?"
"Express Employment Professionals","Agency / office","Cleveland / Akron","https://www.expresspros.com/usa/ohio/","Local offices can source technical contractors fast","Agency outreach - Twinsburg rack/stack","Need 2 US-citizen rack/stack engineers for Twinsburg OH 44087 this week. Can you send 2 profiles, rates, and availability today?"
"IBEW Local 38","Union / phone call","Cleveland / Akron","https://www.ibew38.org/","Datacenter/rack-install journeymen bench by request","Union / hall referral","Need 2 US-citizen rack/stack engineers for Twinsburg OH 44087 this week. Do you have 2 hire-ready journeymen available?"
"Craigslist — Data Center Installer lead","Job posting reply","Cleveland area","https://cleveland.craigslist.org/search/jjj?query=data+center+installer","Known relevant post: $20-28/hr, 01/07, employer Outsource","Candidate reply - screening","Are you still filling 2 US-citizen engineers for rack/stack in Twinsburg OH 44087? Availability this week? Rate? Can send passport + DL soft copy before site access?"
"Indeed — rack and stack Cleveland","Job board","Cleveland OH","https://www.indeed.com/jobs?q=rack+and+stack&l=Cleveland%2C+OH","Post job + message applicants directly","Candidate reply - screening","Are you still filling 2 US-citizen engineers for rack/stack in Twinsburg OH 44087? Availability this week? Rate? Can send passport + DL soft copy before site access?"
"Reddit — r/cleveland","Community post","Cleveland area","https://reddit.com/r/cleveland","Post [Hiring] with exact requirements","Candidate reply - screening","Are you still filling 2 US-citizen engineers for rack/stack in Twinsburg OH 44087? Availability this week? Rate? Can send passport + DL soft copy before site access?"
"Reddit — r/datacenterpros","Community post","Remote / local","https://reddit.com/r/datacenterpros","Post [Hiring] with exact requirements","Candidate reply - screening","Are you still filling 2 US-citizen engineers for rack/stack in Twinsburg OH 44087? Availability this week? Rate? Can send passport + DL soft copy before site access?"
