{
  "generatedAt": "2025-08-16T23:30:12.841Z",
  "items": [
    {
      "source": "Hacker News",
      "title": "Airfoil",
      "url": "https://ciechanow.ski/airfoil/",
      "points": 2544,
      "time": "2024-02-27T16:32:49Z"
    },
    {
      "source": "Hacker News",
      "title": "Open source AI is the path forward",
      "url": "https://about.fb.com/news/2024/07/open-source-ai-is-the-path-forward/",
      "points": 2360,
      "time": "2024-07-23T15:08:41Z"
    },
    {
      "source": "Hacker News",
      "title": "My AI skeptic friends are all nuts",
      "url": "https://fly.io/blog/youre-all-nuts/",
      "points": 2356,
      "time": "2025-06-02T21:09:53Z"
    },
    {
      "source": "Hacker News",
      "title": "Gemini AI",
      "url": "https://deepmind.google/technologies/gemini/",
      "points": 2135,
      "time": "2023-12-06T15:03:47Z"
    },
    {
      "source": "Hacker News",
      "title": "Bypassing airport security via SQL injection",
      "url": "https://ian.sh/tsa",
      "points": 2004,
      "time": "2024-08-29T15:53:08Z"
    },
    {
      "source": "Hacker News",
      "title": "Air Con: $1697 for an on/off switch",
      "url": "https://blog.hopefullyuseful.com/blog/advantage-air-ezone-tablet-diy-repair/",
      "points": 2001,
      "time": "2024-08-29T01:28:01Z"
    },
    {
      "source": "Hacker News",
      "title": "Google Duplex: An AI System for Accomplishing Real World Tasks Over the Phone",
      "url": "https://ai.googleblog.com/2018/05/duplex-ai-system-for-natural-conversation.html",
      "points": 1875,
      "time": "2018-05-08T17:51:44Z"
    },
    {
      "source": "Hacker News",
      "title": "Paper Airplane Designs",
      "url": "https://www.foldnfly.com/",
      "points": 1753,
      "time": "2018-10-18T16:34:52Z"
    },
    {
      "source": "Hacker News",
      "title": "The young, inexperienced engineers aiding DOGE",
      "url": "https://www.wired.com/story/elon-musk-government-young-engineers/",
      "points": 1683,
      "time": "2025-02-02T19:12:13Z"
    },
    {
      "source": "Hacker News",
      "title": "Zoom terms now allow training AI on user content with no opt out",
      "url": "https://explore.zoom.us/en/terms/",
      "points": 1581,
      "time": "2023-08-06T12:15:51Z"
    },
    {
      "source": "Hacker News",
      "title": "Show HN: I'm an airline pilot – I built interactive graphs/globes of my flights",
      "url": "https://jameshard.ing/pilot",
      "points": 1539,
      "time": "2025-06-27T13:06:54Z"
    },
    {
      "source": "Hacker News",
      "title": "Show HN: Airmash – Multiplayer Missile Warfare HTML5 Game",
      "url": "https://airma.sh/",
      "points": 1535,
      "time": "2017-12-10T16:23:16Z"
    },
    {
      "source": "Hacker News",
      "title": "Andrej Karpathy: Software in the era of AI [video]",
      "url": "https://www.youtube.com/watch?v=LCEmiRjPEtQ",
      "points": 1481,
      "time": "2025-06-19T00:33:21Z"
    },
    {
      "source": "Hacker News",
      "title": "Contra Wirecutter on the IKEA air purifier",
      "url": "https://dynomight.net/ikea-purifier/",
      "points": 1474,
      "time": "2022-06-20T16:27:26Z"
    },
    {
      "source": "Hacker News",
      "title": "'Lavender': The AI machine directing Israel's bombing in Gaza",
      "url": "https://www.972mag.com/lavender-ai-israeli-army-gaza/",
      "points": 1418,
      "time": "2024-04-03T14:50:30Z"
    },
    {
      "source": "Hacker News",
      "title": "Amazon Prime Air",
      "url": "http://www.amazon.com/b?ref_=tsm_1_tw_s_amzn_mx3eqp&node=8037720011",
      "points": 1412,
      "time": "2013-12-02T01:22:40Z"
    },
    {
      "source": "Hacker News",
      "title": "AI solves International Math Olympiad problems at silver medal level",
      "url": "https://deepmind.google/discover/blog/ai-solves-imo-problems-at-silver-medal-level/",
      "points": 1370,
      "time": "2024-07-25T15:29:41Z"
    },
    {
      "source": "Hacker News",
      "title": "I am using AI to drop hats outside my window onto New Yorkers",
      "url": "https://dropofahat.zone/",
      "points": 1347,
      "time": "2024-06-23T13:49:30Z"
    },
    {
      "source": "Hacker News",
      "title": "I Accidentally Uncovered a Nationwide Scam on Airbnb",
      "url": "https://www.vice.com/en_us/article/43k7z3/nationwide-fake-host-scam-on-airbnb",
      "points": 1324,
      "time": "2019-10-31T12:56:56Z"
    },
    {
      "source": "Hacker News",
      "title": "Launch HN: Prometheus (YC W19) – Remove CO2 from Air and Turn It into Gasoline",
      "url": "https://news.ycombinator.com/item?id=19842240",
      "points": 1250,
      "time": "2019-05-06T18:21:58Z"
    },
    {
      "source": "Reddit r/MachineLearning",
      "title": "[R] Dino v3: Self-supervised learning for vision at unprecedented scale",
      "url": "https://www.reddit.com/r/MachineLearning/comments/1ms9d2u/r_dino_v3_selfsupervised_learning_for_vision_at/",
      "points": 22,
      "time": "2025-08-16T22:07:45.000Z"
    },
    {
      "source": "Reddit r/MachineLearning",
      "title": "[D] model architecture or data?",
      "url": "https://www.reddit.com/r/MachineLearning/comments/1mrwm3w/d_model_architecture_or_data/",
      "points": 19,
      "time": "2025-08-16T14:20:49.000Z"
    },
    {
      "source": "Reddit r/MachineLearning",
      "title": "[D] Cool new ways to mix linear optimization with GNNs? (LP layers, simplex-like updates, etc.)",
      "url": "https://www.reddit.com/r/MachineLearning/comments/1mrjs5i/d_cool_new_ways_to_mix_linear_optimization_with/",
      "points": 15,
      "time": "2025-08-16T03:44:53.000Z"
    },
    {
      "source": "Reddit r/MachineLearning",
      "title": "[R] How do I choose the best model in validation when I have no target data??",
      "url": "https://www.reddit.com/r/MachineLearning/comments/1mrqyni/r_how_do_i_choose_the_best_model_in_validation/",
      "points": 0,
      "time": "2025-08-16T10:06:16.000Z"
    },
    {
      "source": "Reddit r/MachineLearning",
      "title": "[D]- 🚀 Savagecoopigeonx — Universal AI Consciousness Interface (UACIS v1.0)",
      "url": "https://www.reddit.com/r/MachineLearning/comments/1ms6xp0/d_savagecoopigeonx_universal_ai_consciousness/",
      "points": 0,
      "time": "2025-08-16T20:35:13.000Z"
    }
  ]
}