{
  "generatedAt": "2025-08-18T08:39:01.212Z",
  "files": [
    "update-2025-08-18-0539.tsx",
    "update-2025-08-18-0538.tsx",
    "update-2025-08-18-0537.tsx",
    "update-2025-08-18-0536.tsx",
    "update-2025-08-18T08-35.tsx",
    "update-2025-08-18-0835.tsx",
    "update-2025-08-18-0535.tsx",
    "update-2025-08-18-0534.tsx",
    "update-2025-08-18T08-33.tsx",
    "update-2025-08-18-0833.tsx",
    "update-2025-08-18-0533.tsx",
    "update-2025-08-18-0532.tsx",
    "update-2025-08-18-0531.tsx",
    "update-2025-08-18T08-30.tsx",
    "update-2025-08-18-0830.tsx",
    "update-2025-08-18-0529.tsx",
    "update-2025-08-18-0528.tsx",
    "update-2025-08-18-0527.tsx",
    "update-2025-08-18-0526.tsx",
    "update-2025-08-18-0525.tsx",
    "update-2025-08-18-0524.tsx",
    "update-2025-08-18-0523.tsx",
    "update-2025-08-18-0522.tsx",
    "update-2025-08-18-0521.tsx",
    "update-2025-08-18T08-20.tsx",
    "update-2025-08-18-0820.tsx",
    "update-2025-08-18-0519.tsx",
    "update-2025-08-18-0518.tsx",
    "update-2025-08-18-0517.tsx",
    "update-2025-08-18-0516.tsx",
    "update-2025-08-18-0515.tsx",
    "update-2025-08-18-0514.tsx",
    "update-2025-08-18-0513.tsx",
    "update-2025-08-18-0512.tsx",
    "update-2025-08-18-0511.tsx",
    "update-2025-08-18T08-10.tsx",
    "update-2025-08-18-0810.tsx",
    "update-2025-08-18-0509.tsx",
    "update-2025-08-18-0508.tsx",
    "update-2025-08-18-0507.tsx",
    "update-2025-08-18-0506.tsx",
    "update-2025-08-18-0505.tsx",
    "update-2025-08-18-0504.tsx",
    "update-2025-08-18-0503.tsx",
    "update-2025-08-18-0502.tsx",
    "update-2025-08-18-0501.tsx",
    "update-2025-08-18T08-00.tsx",
    "update-2025-08-18-0800.tsx",
    "update-2025-08-18-0500.tsx",
    "update-2025-08-18-0459.tsx",
    "update-2025-08-18-0458.tsx",
    "update-2025-08-18T07-57.tsx",
    "update-2025-08-18-0757.tsx",
    "update-2025-08-18-0457.tsx",
    "update-2025-08-18-0456.tsx",
    "update-2025-08-18-0455.tsx",
    "update-2025-08-18-0454.tsx",
    "update-2025-08-18-0453.tsx",
    "update-2025-08-18-0452.tsx",
    "update-2025-08-18T07-51.tsx",
    "update-2025-08-18-0751.tsx",
    "update-2025-08-18-0451.tsx",
    "update-2025-08-18-0450.tsx",
    "update-2025-08-18-0449.tsx",
    "update-2025-08-18-0435.tsx",
    "update-2025-08-18-0415.tsx",
    "update-2025-08-18T07-14.tsx",
    "update-2025-08-18-0414.tsx",
    "update-2025-08-18-0713.tsx",
    "update-2025-08-18-0413.tsx",
    "update-2025-08-18-0412.tsx",
    "update-2025-08-18T07-11.tsx",
    "update-2025-08-18-0411.tsx",
    "update-2025-08-18-0710.tsx",
    "update-2025-08-18-0410.tsx",
    "update-2025-08-18-0409.tsx",
    "update-2025-08-18-0408.tsx",
    "update-2025-08-18-0407.tsx",
    "update-2025-08-18-0406.tsx",
    "update-2025-08-18-0405.tsx",
    "update-2025-08-18-0403.tsx",
    "update-2025-08-18-0402.tsx",
    "update-2025-08-18T07-03.tsx",
    "update-2025-08-18T07-01.tsx",
    "update-2025-08-18-0401.tsx",
    "update-2025-08-18-0700.tsx",
    "update-2025-08-18-0400.tsx",
    "update-2025-08-18-0359.tsx",
    "update-2025-08-18-0358.tsx",
    "update-2025-08-18-0357.tsx",
    "update-2025-08-18-0356.tsx",
    "update-2025-08-18T06-55.tsx",
    "update-2025-08-18-0655.tsx",
    "update-2025-08-18-0355.tsx",
    "update-2025-08-18-0354.tsx",
    "update-2025-08-18-0353.tsx",
    "update-2025-08-18-0352.tsx",
    "update-2025-08-18T06-51.tsx",
    "update-2025-08-18-0651.tsx",
    "update-2025-08-18-0351.tsx"
  ],
  "metrics": {
    "diversityScore": 100,
    "avgLen": 2050,
    "duplicateCount": 0,
    "seoScore": 13
  },
  "guidance": [
    "Aim for varied intros, highlights, and CTAs across updates.",
    "Keep meta description and keywords present for each page.",
    "Include at least one external source highlight when available.",
    "Target 300–1000 characters per update for skim-ability."
  ]
}