{
  "generatedAt": "2025-08-15T05:50:32.944Z",
  "files": [
    "update-2025-08-15T05-50.tsx",
    "update-2025-08-15-0550.tsx",
    "update-2025-08-15-0249.tsx",
    "update-2025-08-15-0248.tsx",
    "update-2025-08-15-0247.tsx",
    "update-2025-08-15-0246.tsx",
    "update-2025-08-15-0245.tsx",
    "update-2025-08-15-0244.tsx",
    "update-2025-08-15-0243.tsx",
    "update-2025-08-15-0242.tsx",
    "update-2025-08-15-0241.tsx",
    "update-2025-08-15T05-40.tsx",
    "update-2025-08-15-0540.tsx",
    "update-2025-08-15-0239.tsx",
    "update-2025-08-15-0238.tsx",
    "update-2025-08-15-0237.tsx",
    "update-2025-08-15-0236.tsx",
    "update-2025-08-15-0235.tsx",
    "update-2025-08-15-0234.tsx",
    "update-2025-08-15-0233.tsx",
    "update-2025-08-15-0232.tsx",
    "update-2025-08-15-0231.tsx",
    "update-2025-08-15T05-30.tsx",
    "update-2025-08-15-0530.tsx",
    "update-2025-08-15-0229.tsx",
    "update-2025-08-15-0228.tsx",
    "update-2025-08-15-0227.tsx",
    "update-2025-08-15-0226.tsx",
    "update-2025-08-15-0225.tsx",
    "update-2025-08-15-0224.tsx",
    "update-2025-08-15-0223.tsx",
    "update-2025-08-15-0222.tsx",
    "update-2025-08-15-0221.tsx",
    "update-2025-08-15T05-20.tsx",
    "update-2025-08-15-0520.tsx",
    "update-2025-08-15-0217.tsx",
    "update-2025-08-15-0216.tsx",
    "update-2025-08-15-0215.tsx",
    "update-2025-08-15-0212.tsx",
    "update-2025-08-15T05-10.tsx",
    "update-2025-08-15-0510.tsx",
    "update-2025-08-15-0210.tsx",
    "update-2025-08-15-0209.tsx",
    "update-2025-08-15-0208.tsx",
    "update-2025-08-15-0207.tsx",
    "update-2025-08-15-0206.tsx",
    "update-2025-08-15-0205.tsx",
    "update-2025-08-15-0204.tsx",
    "update-2025-08-15-0203.tsx",
    "update-2025-08-15-0202.tsx",
    "update-2025-08-15-0201.tsx",
    "update-2025-08-15T05-00.tsx",
    "update-2025-08-15-0500.tsx",
    "update-2025-08-15-0200.tsx",
    "update-2025-08-15-0159.tsx",
    "update-2025-08-15-0158.tsx",
    "update-2025-08-15-0157.tsx",
    "update-2025-08-15-0156.tsx",
    "update-2025-08-15-0155.tsx",
    "update-2025-08-15-0154.tsx",
    "update-2025-08-15-0153.tsx",
    "update-2025-08-15-0152.tsx",
    "update-2025-08-15-0151.tsx",
    "update-2025-08-15T04-50.tsx",
    "update-2025-08-15-0450.tsx",
    "update-2025-08-15-0150.tsx",
    "update-2025-08-15-0149.tsx",
    "update-2025-08-15-0148.tsx",
    "update-2025-08-15-0147.tsx",
    "update-2025-08-15-0146.tsx",
    "update-2025-08-15-0145.tsx",
    "update-2025-08-15-0144.tsx",
    "update-2025-08-15-0143.tsx",
    "update-2025-08-15-0142.tsx",
    "update-2025-08-15-0141.tsx",
    "update-2025-08-15T04-40.tsx",
    "update-2025-08-15-0440.tsx",
    "update-2025-08-15-0140.tsx",
    "update-2025-08-15-0139.tsx",
    "update-2025-08-15-0138.tsx",
    "update-2025-08-15-0137.tsx",
    "update-2025-08-15-0136.tsx",
    "update-2025-08-15-0135.tsx",
    "update-2025-08-15-0134.tsx",
    "update-2025-08-15-0133.tsx",
    "update-2025-08-15-0132.tsx",
    "update-2025-08-15-0131.tsx",
    "update-2025-08-15T04-30.tsx",
    "update-2025-08-15-0430.tsx",
    "update-2025-08-15-0130.tsx",
    "update-2025-08-15-0129.tsx",
    "update-2025-08-15-0128.tsx",
    "update-2025-08-15-0127.tsx",
    "update-2025-08-15-0126.tsx",
    "update-2025-08-15-0125.tsx",
    "update-2025-08-15-0124.tsx",
    "update-2025-08-15-0123.tsx",
    "update-2025-08-15-0122.tsx",
    "update-2025-08-15-0121.tsx",
    "update-2025-08-15-0120.tsx"
  ],
  "metrics": {
    "diversityScore": 100,
    "avgLen": 2103,
    "duplicateCount": 0,
    "seoScore": 9
  },
  "guidance": [
    "Aim for varied intros, highlights, and CTAs across updates.",
    "Keep meta description and keywords present for each page.",
    "Include at least one external source highlight when available.",
    "Target 300–1000 characters per update for skim-ability."
  ]
}