{
  "generatedAt": "2025-08-17T17:20:02.261Z",
  "files": [
    "update-2025-08-17-1419.tsx",
    "update-2025-08-17-1418.tsx",
    "update-2025-08-17-1417.tsx",
    "update-2025-08-17-1416.tsx",
    "update-2025-08-17-1415.tsx",
    "update-2025-08-17-1414.tsx",
    "update-2025-08-17-1413.tsx",
    "update-2025-08-17-1412.tsx",
    "update-2025-08-17-1411.tsx",
    "update-2025-08-17T17-10.tsx",
    "update-2025-08-17-1710.tsx",
    "update-2025-08-17-1409.tsx",
    "update-2025-08-17-1408.tsx",
    "update-2025-08-17-1407.tsx",
    "update-2025-08-17-1406.tsx",
    "update-2025-08-17-1405.tsx",
    "update-2025-08-17-1404.tsx",
    "update-2025-08-17-1403.tsx",
    "update-2025-08-17-1402.tsx",
    "update-2025-08-17-1401.tsx",
    "update-2025-08-17T17-00.tsx",
    "update-2025-08-17-1700.tsx",
    "update-2025-08-17-1359.tsx",
    "update-2025-08-17-1358.tsx",
    "update-2025-08-17-1357.tsx",
    "update-2025-08-17-1356.tsx",
    "update-2025-08-17-1355.tsx",
    "update-2025-08-17-1354.tsx",
    "update-2025-08-17-1353.tsx",
    "update-2025-08-17-1352.tsx",
    "update-2025-08-17-1351.tsx",
    "update-2025-08-17T16-50.tsx",
    "update-2025-08-17-1650.tsx",
    "update-2025-08-17-1349.tsx",
    "update-2025-08-17-1348.tsx",
    "update-2025-08-17-1347.tsx",
    "update-2025-08-17-1346.tsx",
    "update-2025-08-17-1345.tsx",
    "update-2025-08-17-1344.tsx",
    "update-2025-08-17-1343.tsx",
    "update-2025-08-17-1342.tsx",
    "update-2025-08-17-1341.tsx",
    "update-2025-08-17T16-40.tsx",
    "update-2025-08-17-1640.tsx",
    "update-2025-08-17-1339.tsx",
    "update-2025-08-17-1338.tsx",
    "update-2025-08-17-1337.tsx",
    "update-2025-08-17-1336.tsx",
    "update-2025-08-17-1335.tsx",
    "update-2025-08-17-1334.tsx",
    "update-2025-08-17-1333.tsx",
    "update-2025-08-17-1332.tsx",
    "update-2025-08-17-1331.tsx",
    "update-2025-08-17T16-30.tsx",
    "update-2025-08-17-1630.tsx",
    "update-2025-08-17-1329.tsx",
    "update-2025-08-17-1328.tsx",
    "update-2025-08-17-1327.tsx",
    "update-2025-08-17-1326.tsx",
    "update-2025-08-17-1325.tsx",
    "update-2025-08-17-1324.tsx",
    "update-2025-08-17-1323.tsx",
    "update-2025-08-17-1322.tsx",
    "update-2025-08-17-1321.tsx",
    "update-2025-08-17T16-21.tsx",
    "update-2025-08-17-1620.tsx",
    "update-2025-08-17-1319.tsx",
    "update-2025-08-17-1318.tsx",
    "update-2025-08-17-1317.tsx",
    "update-2025-08-17-1316.tsx",
    "update-2025-08-17-1315.tsx",
    "update-2025-08-17-1314.tsx",
    "update-2025-08-17-1313.tsx",
    "update-2025-08-17-1312.tsx",
    "update-2025-08-17T16-11.tsx",
    "update-2025-08-17-1311.tsx",
    "update-2025-08-17-1610.tsx",
    "update-2025-08-17-1309.tsx",
    "update-2025-08-17-1308.tsx",
    "update-2025-08-17-1307.tsx",
    "update-2025-08-17-1306.tsx",
    "update-2025-08-17-1305.tsx",
    "update-2025-08-17-1304.tsx",
    "update-2025-08-17-1303.tsx",
    "update-2025-08-17-1302.tsx",
    "update-2025-08-17-1301.tsx",
    "update-2025-08-17T16-00.tsx",
    "update-2025-08-17-1600.tsx",
    "update-2025-08-17-1259.tsx",
    "update-2025-08-17-1258.tsx",
    "update-2025-08-17-1257.tsx",
    "update-2025-08-17-1256.tsx",
    "update-2025-08-17-1255.tsx",
    "update-2025-08-17-1254.tsx",
    "update-2025-08-17-1253.tsx",
    "update-2025-08-17-1252.tsx",
    "update-2025-08-17-1251.tsx",
    "update-2025-08-17T15-50.tsx",
    "update-2025-08-17-1550.tsx",
    "update-2025-08-17-1249.tsx"
  ],
  "metrics": {
    "diversityScore": 100,
    "avgLen": 2111,
    "duplicateCount": 0,
    "seoScore": 9
  },
  "guidance": [
    "Aim for varied intros, highlights, and CTAs across updates.",
    "Keep meta description and keywords present for each page.",
    "Include at least one external source highlight when available.",
    "Target 300–1000 characters per update for skim-ability."
  ]
}