{
  "generatedAt": "2025-08-15T20:12:01.222Z",
  "files": [
    "update-2025-08-15-1712.tsx",
    "update-2025-08-15-1711.tsx",
    "update-2025-08-15T20-10.tsx",
    "update-2025-08-15-2010.tsx",
    "update-2025-08-15-1709.tsx",
    "update-2025-08-15-1708.tsx",
    "update-2025-08-15-1707.tsx",
    "update-2025-08-15-1706.tsx",
    "update-2025-08-15-1705.tsx",
    "update-2025-08-15-1704.tsx",
    "update-2025-08-15-1703.tsx",
    "update-2025-08-15-1702.tsx",
    "update-2025-08-15-1701.tsx",
    "update-2025-08-15T20-00.tsx",
    "update-2025-08-15-2000.tsx",
    "update-2025-08-15-1659.tsx",
    "update-2025-08-15-1658.tsx",
    "update-2025-08-15-1657.tsx",
    "update-2025-08-15-1656.tsx",
    "update-2025-08-15-1655.tsx",
    "update-2025-08-15-1654.tsx",
    "update-2025-08-15-1653.tsx",
    "update-2025-08-15-1652.tsx",
    "update-2025-08-15-1651.tsx",
    "update-2025-08-15T19-50.tsx",
    "update-2025-08-15-1950.tsx",
    "update-2025-08-15-1649.tsx",
    "update-2025-08-15-1648.tsx",
    "update-2025-08-15-1647.tsx",
    "update-2025-08-15-1646.tsx",
    "update-2025-08-15-1645.tsx",
    "update-2025-08-15-1644.tsx",
    "update-2025-08-15-1643.tsx",
    "update-2025-08-15-1642.tsx",
    "update-2025-08-15-1641.tsx",
    "update-2025-08-15T19-40.tsx",
    "update-2025-08-15-1940.tsx",
    "update-2025-08-15-1639.tsx",
    "update-2025-08-15-1638.tsx",
    "update-2025-08-15-1637.tsx",
    "update-2025-08-15-1636.tsx",
    "update-2025-08-15-1635.tsx",
    "update-2025-08-15-1634.tsx",
    "update-2025-08-15-1633.tsx",
    "update-2025-08-15-1632.tsx",
    "update-2025-08-15-1631.tsx",
    "update-2025-08-15T19-30.tsx",
    "update-2025-08-15-1930.tsx",
    "update-2025-08-15-1629.tsx",
    "update-2025-08-15-1628.tsx",
    "update-2025-08-15-1627.tsx",
    "update-2025-08-15-1626.tsx",
    "update-2025-08-15-1625.tsx",
    "update-2025-08-15-1624.tsx",
    "update-2025-08-15-1623.tsx",
    "update-2025-08-15-1622.tsx",
    "update-2025-08-15-1621.tsx",
    "update-2025-08-15T19-20.tsx",
    "update-2025-08-15-1920.tsx",
    "update-2025-08-15-1619.tsx",
    "update-2025-08-15-1618.tsx",
    "update-2025-08-15-1617.tsx",
    "update-2025-08-15-1616.tsx",
    "update-2025-08-15-1615.tsx",
    "update-2025-08-15-1614.tsx",
    "update-2025-08-15-1613.tsx",
    "update-2025-08-15-1612.tsx",
    "update-2025-08-15-1611.tsx",
    "update-2025-08-15T19-10.tsx",
    "update-2025-08-15-1910.tsx",
    "update-2025-08-15-1609.tsx",
    "update-2025-08-15-1608.tsx",
    "update-2025-08-15-1607.tsx",
    "update-2025-08-15-1606.tsx",
    "update-2025-08-15-1605.tsx",
    "update-2025-08-15-1604.tsx",
    "update-2025-08-15-1603.tsx",
    "update-2025-08-15-1602.tsx",
    "update-2025-08-15-1601.tsx",
    "update-2025-08-15T19-00.tsx",
    "update-2025-08-15-1900.tsx",
    "update-2025-08-15-1559.tsx",
    "update-2025-08-15-1558.tsx",
    "update-2025-08-15-1557.tsx",
    "update-2025-08-15-1556.tsx",
    "update-2025-08-15-1555.tsx",
    "update-2025-08-15-1554.tsx",
    "update-2025-08-15-1553.tsx",
    "update-2025-08-15-1552.tsx",
    "update-2025-08-15-1551.tsx",
    "update-2025-08-15T18-50.tsx",
    "update-2025-08-15-1850.tsx",
    "update-2025-08-15-1549.tsx",
    "update-2025-08-15-1548.tsx",
    "update-2025-08-15-1547.tsx",
    "update-2025-08-15-1546.tsx",
    "update-2025-08-15-1545.tsx",
    "update-2025-08-15-1544.tsx",
    "update-2025-08-15-1543.tsx",
    "update-2025-08-15-1542.tsx"
  ],
  "metrics": {
    "diversityScore": 100,
    "avgLen": 2102,
    "duplicateCount": 0,
    "seoScore": 9
  },
  "guidance": [
    "Aim for varied intros, highlights, and CTAs across updates.",
    "Keep meta description and keywords present for each page.",
    "Include at least one external source highlight when available.",
    "Target 300–1000 characters per update for skim-ability."
  ]
}