{
  "generatedAt": "2025-08-18T05:52:01.601Z",
  "files": [
    "update-2025-08-18-0252.tsx",
    "update-2025-08-18T05-51.tsx",
    "update-2025-08-18-0251.tsx",
    "update-2025-08-18-0550.tsx",
    "update-2025-08-18-0250.tsx",
    "update-2025-08-18-0249.tsx",
    "update-2025-08-18-0248.tsx",
    "update-2025-08-18-0247.tsx",
    "update-2025-08-18-0246.tsx",
    "update-2025-08-18-0245.tsx",
    "update-2025-08-18-0244.tsx",
    "update-2025-08-18-0243.tsx",
    "update-2025-08-18-0242.tsx",
    "update-2025-08-18T05-41.tsx",
    "update-2025-08-18-0241.tsx",
    "update-2025-08-18-0540.tsx",
    "update-2025-08-18-0240.tsx",
    "update-2025-08-18-0239.tsx",
    "update-2025-08-18-0238.tsx",
    "update-2025-08-18-0237.tsx",
    "update-2025-08-18-0236.tsx",
    "update-2025-08-18-0235.tsx",
    "update-2025-08-18-0234.tsx",
    "update-2025-08-18-0233.tsx",
    "update-2025-08-18-0232.tsx",
    "update-2025-08-18-0231.tsx",
    "update-2025-08-18T05-31.tsx",
    "update-2025-08-18-0530.tsx",
    "update-2025-08-18-0230.tsx",
    "update-2025-08-18-0229.tsx",
    "update-2025-08-18-0228.tsx",
    "update-2025-08-18-0227.tsx",
    "update-2025-08-18-0226.tsx",
    "update-2025-08-18-0225.tsx",
    "update-2025-08-18-0224.tsx",
    "update-2025-08-18-0223.tsx",
    "update-2025-08-18-0222.tsx",
    "update-2025-08-18T05-21.tsx",
    "update-2025-08-18-0221.tsx",
    "update-2025-08-18-0520.tsx",
    "update-2025-08-18-0220.tsx",
    "update-2025-08-18-0219.tsx",
    "update-2025-08-18-0218.tsx",
    "update-2025-08-18-0217.tsx",
    "update-2025-08-18-0216.tsx",
    "update-2025-08-18-0215.tsx",
    "update-2025-08-18-0214.tsx",
    "update-2025-08-18-0213.tsx",
    "update-2025-08-18T05-11.tsx",
    "update-2025-08-18-0510.tsx",
    "update-2025-08-18-0211.tsx",
    "update-2025-08-18-0212.tsx",
    "update-2025-08-18-0210.tsx",
    "update-2025-08-18-0209.tsx",
    "update-2025-08-18-0208.tsx",
    "update-2025-08-18-0207.tsx",
    "update-2025-08-18-0206.tsx",
    "update-2025-08-18-0205.tsx",
    "update-2025-08-18-0203.tsx",
    "update-2025-08-18-0159.tsx",
    "update-2025-08-18-0153.tsx",
    "update-2025-08-18-0149.tsx",
    "update-2025-08-18-0142.tsx",
    "update-2025-08-18-0139.tsx",
    "update-2025-08-18-0117.tsx",
    "update-2025-08-18-0110.tsx",
    "update-2025-08-18-0102.tsx",
    "update-2025-08-18-0059.tsx",
    "update-2025-08-18-0058.tsx",
    "update-2025-08-18-0020.tsx",
    "update-2025-08-18T03-11.tsx",
    "update-2025-08-18-0011.tsx",
    "update-2025-08-18-0310.tsx",
    "update-2025-08-18-0006.tsx",
    "update-2025-08-18-0005.tsx",
    "update-2025-08-17-1807.tsx",
    "update-2025-08-17-1806.tsx",
    "update-2025-08-17-1805.tsx",
    "update-2025-08-17-1804.tsx",
    "update-2025-08-17-1803.tsx",
    "update-2025-08-17-1802.tsx",
    "update-2025-08-17T21-01.tsx",
    "update-2025-08-17-1801.tsx",
    "update-2025-08-17-2100.tsx",
    "update-2025-08-17-1800.tsx",
    "update-2025-08-17-1759.tsx",
    "update-2025-08-17-1758.tsx",
    "update-2025-08-17-1757.tsx",
    "update-2025-08-17-1756.tsx",
    "update-2025-08-17-1755.tsx",
    "update-2025-08-17-1754.tsx",
    "update-2025-08-17-1753.tsx",
    "update-2025-08-17-1752.tsx",
    "update-2025-08-17T20-51.tsx",
    "update-2025-08-17-1751.tsx",
    "update-2025-08-17-2050.tsx",
    "update-2025-08-17-1749.tsx",
    "update-2025-08-17-1748.tsx",
    "update-2025-08-17-1747.tsx",
    "update-2025-08-17-1746.tsx"
  ],
  "metrics": {
    "diversityScore": 100,
    "avgLen": 2110,
    "duplicateCount": 0,
    "seoScore": 8
  },
  "guidance": [
    "Aim for varied intros, highlights, and CTAs across updates.",
    "Keep meta description and keywords present for each page.",
    "Include at least one external source highlight when available.",
    "Target 300–1000 characters per update for skim-ability."
  ]
}