{
  "generatedAt": "2025-08-14T20:53:01.794Z",
  "files": [
    "update-2025-08-14-1753.tsx",
    "update-2025-08-14-1752.tsx",
    "update-2025-08-14-1751.tsx",
    "update-2025-08-14T20-50.tsx",
    "update-2025-08-14-2050.tsx",
    "update-2025-08-14-1747.tsx",
    "update-2025-08-14-1742.tsx",
    "update-2025-08-14-1741.tsx",
    "update-2025-08-14T20-40.tsx",
    "update-2025-08-14-2040.tsx",
    "update-2025-08-14-1740.tsx",
    "update-2025-08-14-1739.tsx",
    "update-2025-08-14-1738.tsx",
    "update-2025-08-14-1737.tsx",
    "update-2025-08-14-1736.tsx",
    "update-2025-08-14-1735.tsx",
    "update-2025-08-14-1734.tsx",
    "update-2025-08-14-1729.tsx",
    "update-2025-08-14-1728.tsx",
    "update-2025-08-14-1727.tsx",
    "update-2025-08-14-1726.tsx",
    "update-2025-08-14-1723.tsx",
    "update-2025-08-14-1721.tsx",
    "update-2025-08-14T20-20.tsx",
    "update-2025-08-14-2020.tsx",
    "update-2025-08-14-1717.tsx",
    "update-2025-08-14-1716.tsx",
    "update-2025-08-14-1708.tsx",
    "update-2025-08-14-1707.tsx",
    "update-2025-08-14-1706.tsx",
    "update-2025-08-14-1705.tsx",
    "update-2025-08-14-1704.tsx",
    "update-2025-08-14-1703.tsx",
    "update-2025-08-14-1702.tsx",
    "update-2025-08-14-1701.tsx",
    "update-2025-08-14T20-00.tsx",
    "update-2025-08-14-2000.tsx",
    "update-2025-08-14-1700.tsx",
    "update-2025-08-14-1659.tsx",
    "update-2025-08-14-1658.tsx",
    "update-2025-08-14-1657.tsx",
    "update-2025-08-14-1656.tsx",
    "update-2025-08-14-1655.tsx",
    "update-2025-08-14-1654.tsx",
    "update-2025-08-14-1653.tsx",
    "update-2025-08-14-1652.tsx",
    "update-2025-08-14-1651.tsx",
    "update-2025-08-14T19-50.tsx",
    "update-2025-08-14-1950.tsx",
    "update-2025-08-14-1650.tsx",
    "update-2025-08-14-1649.tsx",
    "update-2025-08-14-1648.tsx",
    "update-2025-08-14-1647.tsx",
    "update-2025-08-14-1646.tsx",
    "update-2025-08-14-1645.tsx",
    "update-2025-08-14T19-44.tsx",
    "update-2025-08-14-1944.tsx",
    "update-2025-08-14-1644.tsx",
    "update-2025-08-14-1643.tsx",
    "update-2025-08-14-1642.tsx",
    "update-2025-08-14-1641.tsx",
    "update-2025-08-14T19-40.tsx",
    "update-2025-08-14-1940.tsx",
    "update-2025-08-14-1640.tsx",
    "update-2025-08-14-1639.tsx",
    "update-2025-08-14-1638.tsx",
    "update-2025-08-14-1637.tsx",
    "update-2025-08-14-1634.tsx",
    "update-2025-08-14-1633.tsx",
    "update-2025-08-14T19-30.tsx",
    "update-2025-08-14-1930.tsx",
    "update-2025-08-14-1630.tsx",
    "update-2025-08-14-1629.tsx",
    "update-2025-08-14T19-20.tsx",
    "update-2025-08-14-1920.tsx",
    "update-2025-08-14-1616.tsx",
    "update-2025-08-14-1615.tsx",
    "update-2025-08-14-1614.tsx",
    "update-2025-08-14-1609.tsx",
    "update-2025-08-14-1608.tsx",
    "update-2025-08-14-1607.tsx",
    "update-2025-08-14-1606.tsx",
    "update-2025-08-14-1605.tsx",
    "update-2025-08-14-1604.tsx",
    "update-2025-08-14-1603.tsx",
    "update-2025-08-14T18-58.tsx",
    "update-2025-08-14-1858.tsx",
    "update-2025-08-14-1559.tsx",
    "update-2025-08-14-1557.tsx",
    "update-2025-08-14-1336.tsx",
    "update-2025-08-14T19-00.tsx",
    "update-2025-08-14-1900.tsx",
    "update-2025-08-14-1602.tsx",
    "update-2025-08-14-1601.tsx",
    "update-2025-08-14T18-56.tsx",
    "update-2025-08-14T18-36.tsx",
    "update-2025-08-14-1836.tsx",
    "update-2025-08-14T16-35.tsx",
    "update-2025-08-14-1636.tsx",
    "update-2025-08-14-1635.tsx"
  ],
  "metrics": {
    "diversityScore": 100,
    "avgLen": 2046,
    "duplicateCount": 0,
    "seoScore": 14
  },
  "guidance": [
    "Aim for varied intros, highlights, and CTAs across updates.",
    "Keep meta description and keywords present for each page.",
    "Include at least one external source highlight when available.",
    "Target 300–1000 characters per update for skim-ability."
  ]
}