{
  "generatedAt": "2025-08-16T01:13:01.361Z",
  "files": [
    "update-2025-08-15-2213.tsx",
    "update-2025-08-15-2212.tsx",
    "update-2025-08-15-2211.tsx",
    "update-2025-08-16T01-10.tsx",
    "update-2025-08-16-0110.tsx",
    "update-2025-08-15-2209.tsx",
    "update-2025-08-15-2208.tsx",
    "update-2025-08-15-2207.tsx",
    "update-2025-08-15-2206.tsx",
    "update-2025-08-15-2205.tsx",
    "update-2025-08-15-2204.tsx",
    "update-2025-08-15-2203.tsx",
    "update-2025-08-15-2202.tsx",
    "update-2025-08-15-2201.tsx",
    "update-2025-08-16T01-00.tsx",
    "update-2025-08-16-0100.tsx",
    "update-2025-08-15-2159.tsx",
    "update-2025-08-15-2158.tsx",
    "update-2025-08-15-2157.tsx",
    "update-2025-08-15-2156.tsx",
    "update-2025-08-15-2155.tsx",
    "update-2025-08-15-2154.tsx",
    "update-2025-08-15-2153.tsx",
    "update-2025-08-15-2152.tsx",
    "update-2025-08-15-2151.tsx",
    "update-2025-08-16T00-50.tsx",
    "update-2025-08-16-0050.tsx",
    "update-2025-08-15-2149.tsx",
    "update-2025-08-15-2148.tsx",
    "update-2025-08-15-2147.tsx",
    "update-2025-08-15-2146.tsx",
    "update-2025-08-15-2145.tsx",
    "update-2025-08-15-2144.tsx",
    "update-2025-08-15-2143.tsx",
    "update-2025-08-15-2142.tsx",
    "update-2025-08-15-2141.tsx",
    "update-2025-08-16T00-40.tsx",
    "update-2025-08-16-0040.tsx",
    "update-2025-08-15-2139.tsx",
    "update-2025-08-15-2138.tsx",
    "update-2025-08-15-2137.tsx",
    "update-2025-08-15-2136.tsx",
    "update-2025-08-15-2135.tsx",
    "update-2025-08-15-2134.tsx",
    "update-2025-08-15-2133.tsx",
    "update-2025-08-15-2132.tsx",
    "update-2025-08-15-2131.tsx",
    "update-2025-08-16T00-30.tsx",
    "update-2025-08-16-0030.tsx",
    "update-2025-08-15-2129.tsx",
    "update-2025-08-15-2128.tsx",
    "update-2025-08-15-2127.tsx",
    "update-2025-08-15-2126.tsx",
    "update-2025-08-15-2125.tsx",
    "update-2025-08-15-2124.tsx",
    "update-2025-08-15-2123.tsx",
    "update-2025-08-15-2122.tsx",
    "update-2025-08-15-2121.tsx",
    "update-2025-08-16T00-20.tsx",
    "update-2025-08-16-0020.tsx",
    "update-2025-08-15-2119.tsx",
    "update-2025-08-15-2118.tsx",
    "update-2025-08-15-2117.tsx",
    "update-2025-08-15-2116.tsx",
    "update-2025-08-15-2115.tsx",
    "update-2025-08-15-2114.tsx",
    "update-2025-08-15-2113.tsx",
    "update-2025-08-15-2112.tsx",
    "update-2025-08-15-2111.tsx",
    "update-2025-08-16T00-10.tsx",
    "update-2025-08-16-0010.tsx",
    "update-2025-08-15-2109.tsx",
    "update-2025-08-15-2108.tsx",
    "update-2025-08-15-2107.tsx",
    "update-2025-08-15-2106.tsx",
    "update-2025-08-15-2105.tsx",
    "update-2025-08-15-2104.tsx",
    "update-2025-08-15-2103.tsx",
    "update-2025-08-15-2102.tsx",
    "update-2025-08-15-2101.tsx",
    "update-2025-08-16T00-00.tsx",
    "update-2025-08-16-0000.tsx",
    "update-2025-08-15-2059.tsx",
    "update-2025-08-15-2058.tsx",
    "update-2025-08-15-2057.tsx",
    "update-2025-08-15-2056.tsx",
    "update-2025-08-15-2055.tsx",
    "update-2025-08-15-2054.tsx",
    "update-2025-08-15-2053.tsx",
    "update-2025-08-15-2051.tsx",
    "update-2025-08-15T23-50.tsx",
    "update-2025-08-15-2350.tsx",
    "update-2025-08-15-2049.tsx",
    "update-2025-08-15-2048.tsx",
    "update-2025-08-15-2047.tsx",
    "update-2025-08-15-2046.tsx",
    "update-2025-08-15-2045.tsx",
    "update-2025-08-15-2044.tsx",
    "update-2025-08-15-2043.tsx",
    "update-2025-08-15-2042.tsx"
  ],
  "metrics": {
    "diversityScore": 100,
    "avgLen": 2101,
    "duplicateCount": 0,
    "seoScore": 9
  },
  "guidance": [
    "Aim for varied intros, highlights, and CTAs across updates.",
    "Keep meta description and keywords present for each page.",
    "Include at least one external source highlight when available.",
    "Target 300–1000 characters per update for skim-ability."
  ]
}