{
  "generatedAt": "2025-08-17T00:46:01.465Z",
  "files": [
    "update-2025-08-16-2146.tsx",
    "update-2025-08-16-2145.tsx",
    "update-2025-08-16-2144.tsx",
    "update-2025-08-16-2143.tsx",
    "update-2025-08-16-2142.tsx",
    "update-2025-08-16-2141.tsx",
    "update-2025-08-17T00-40.tsx",
    "update-2025-08-17-0040.tsx",
    "update-2025-08-16-2139.tsx",
    "update-2025-08-16-2138.tsx",
    "update-2025-08-16-2137.tsx",
    "update-2025-08-16-2136.tsx",
    "update-2025-08-16-2135.tsx",
    "update-2025-08-16-2134.tsx",
    "update-2025-08-16-2133.tsx",
    "update-2025-08-16-2132.tsx",
    "update-2025-08-16-2131.tsx",
    "update-2025-08-17T00-30.tsx",
    "update-2025-08-17-0030.tsx",
    "update-2025-08-16-2129.tsx",
    "update-2025-08-16-2128.tsx",
    "update-2025-08-16-2127.tsx",
    "update-2025-08-16-2126.tsx",
    "update-2025-08-16-2125.tsx",
    "update-2025-08-16-2124.tsx",
    "update-2025-08-16-2123.tsx",
    "update-2025-08-16-2122.tsx",
    "update-2025-08-16-2121.tsx",
    "update-2025-08-17T00-20.tsx",
    "update-2025-08-17-0020.tsx",
    "update-2025-08-16-2120.tsx",
    "update-2025-08-16-2119.tsx",
    "update-2025-08-16-2118.tsx",
    "update-2025-08-16-2117.tsx",
    "update-2025-08-16-2116.tsx",
    "update-2025-08-16-2115.tsx",
    "update-2025-08-16-2114.tsx",
    "update-2025-08-16-2113.tsx",
    "update-2025-08-16-2112.tsx",
    "update-2025-08-16-2111.tsx",
    "update-2025-08-17T00-10.tsx",
    "update-2025-08-17-0010.tsx",
    "update-2025-08-16-2109.tsx",
    "update-2025-08-16-2108.tsx",
    "update-2025-08-16-2107.tsx",
    "update-2025-08-16-2106.tsx",
    "update-2025-08-16-2105.tsx",
    "update-2025-08-16-2104.tsx",
    "update-2025-08-16-2103.tsx",
    "update-2025-08-16-2102.tsx",
    "update-2025-08-16-2101.tsx",
    "update-2025-08-17T00-00.tsx",
    "update-2025-08-17-0000.tsx",
    "update-2025-08-16-2059.tsx",
    "update-2025-08-16-2058.tsx",
    "update-2025-08-16-2057.tsx",
    "update-2025-08-16-2056.tsx",
    "update-2025-08-16-2055.tsx",
    "update-2025-08-16-2054.tsx",
    "update-2025-08-16-2053.tsx",
    "update-2025-08-16-2052.tsx",
    "update-2025-08-16-2051.tsx",
    "update-2025-08-16T23-50.tsx",
    "update-2025-08-16-2350.tsx",
    "update-2025-08-16-2050.tsx",
    "update-2025-08-16-2049.tsx",
    "update-2025-08-16-2048.tsx",
    "update-2025-08-16-2047.tsx",
    "update-2025-08-16-2046.tsx",
    "update-2025-08-16-2045.tsx",
    "update-2025-08-16-2044.tsx",
    "update-2025-08-16-2043.tsx",
    "update-2025-08-16-2042.tsx",
    "update-2025-08-16-2041.tsx",
    "update-2025-08-16T23-40.tsx",
    "update-2025-08-16-2340.tsx",
    "update-2025-08-16-2040.tsx",
    "update-2025-08-16-2039.tsx",
    "update-2025-08-16-2038.tsx",
    "update-2025-08-16-2037.tsx",
    "update-2025-08-16-2036.tsx",
    "update-2025-08-16-2035.tsx",
    "update-2025-08-16-2034.tsx",
    "update-2025-08-16-2033.tsx",
    "update-2025-08-16-2032.tsx",
    "update-2025-08-16-2031.tsx",
    "update-2025-08-16T23-30.tsx",
    "update-2025-08-16-2330.tsx",
    "update-2025-08-16-2030.tsx",
    "update-2025-08-16-2029.tsx",
    "update-2025-08-16-2028.tsx",
    "update-2025-08-16-2027.tsx",
    "update-2025-08-16-2026.tsx",
    "update-2025-08-16-2025.tsx",
    "update-2025-08-16-2024.tsx",
    "update-2025-08-16-2023.tsx",
    "update-2025-08-16-2022.tsx",
    "update-2025-08-16-2021.tsx",
    "update-2025-08-16T23-20.tsx",
    "update-2025-08-16-2320.tsx"
  ],
  "metrics": {
    "diversityScore": 100,
    "avgLen": 2103,
    "duplicateCount": 0,
    "seoScore": 9
  },
  "guidance": [
    "Aim for varied intros, highlights, and CTAs across updates.",
    "Keep meta description and keywords present for each page.",
    "Include at least one external source highlight when available.",
    "Target 300–1000 characters per update for skim-ability."
  ]
}