{
  "generatedAt": "2025-08-15T17:09:02.399Z",
  "files": [
    "update-2025-08-15-1409.tsx",
    "update-2025-08-15-1408.tsx",
    "update-2025-08-15-1407.tsx",
    "update-2025-08-15-1406.tsx",
    "update-2025-08-15-1405.tsx",
    "update-2025-08-15-1404.tsx",
    "update-2025-08-15-1403.tsx",
    "update-2025-08-15-1402.tsx",
    "update-2025-08-15-1401.tsx",
    "update-2025-08-15T17-00.tsx",
    "update-2025-08-15-1700.tsx",
    "update-2025-08-15-1400.tsx",
    "update-2025-08-15-1359.tsx",
    "update-2025-08-15-1358.tsx",
    "update-2025-08-15-1357.tsx",
    "update-2025-08-15-1356.tsx",
    "update-2025-08-15-1355.tsx",
    "update-2025-08-15-1354.tsx",
    "update-2025-08-15-1353.tsx",
    "update-2025-08-15-1352.tsx",
    "update-2025-08-15-1351.tsx",
    "update-2025-08-15T16-50.tsx",
    "update-2025-08-15-1650.tsx",
    "update-2025-08-15-1350.tsx",
    "update-2025-08-15-1349.tsx",
    "update-2025-08-15-1348.tsx",
    "update-2025-08-15-1347.tsx",
    "update-2025-08-15-1346.tsx",
    "update-2025-08-15-1345.tsx",
    "update-2025-08-15-1344.tsx",
    "update-2025-08-15-1343.tsx",
    "update-2025-08-15-1342.tsx",
    "update-2025-08-15-1341.tsx",
    "update-2025-08-15T16-40.tsx",
    "update-2025-08-15-1640.tsx",
    "update-2025-08-15-1339.tsx",
    "update-2025-08-15-1338.tsx",
    "update-2025-08-15-1337.tsx",
    "update-2025-08-15-1336.tsx",
    "update-2025-08-15-1335.tsx",
    "update-2025-08-15-1334.tsx",
    "update-2025-08-15-1333.tsx",
    "update-2025-08-15-1332.tsx",
    "update-2025-08-15-1331.tsx",
    "update-2025-08-15T16-30.tsx",
    "update-2025-08-15-1630.tsx",
    "update-2025-08-15-1329.tsx",
    "update-2025-08-15-1328.tsx",
    "update-2025-08-15-1327.tsx",
    "update-2025-08-15-1326.tsx",
    "update-2025-08-15-1325.tsx",
    "update-2025-08-15-1324.tsx",
    "update-2025-08-15-1323.tsx",
    "update-2025-08-15-1321.tsx",
    "update-2025-08-15T16-20.tsx",
    "update-2025-08-15-1620.tsx",
    "update-2025-08-15-1320.tsx",
    "update-2025-08-15-1319.tsx",
    "update-2025-08-15-1318.tsx",
    "update-2025-08-15-1317.tsx",
    "update-2025-08-15-1316.tsx",
    "update-2025-08-15-1315.tsx",
    "update-2025-08-15-1314.tsx",
    "update-2025-08-15-1313.tsx",
    "update-2025-08-15-1312.tsx",
    "update-2025-08-15-1311.tsx",
    "update-2025-08-15T16-10.tsx",
    "update-2025-08-15-1610.tsx",
    "update-2025-08-15-1309.tsx",
    "update-2025-08-15-1308.tsx",
    "update-2025-08-15-1307.tsx",
    "update-2025-08-15-1306.tsx",
    "update-2025-08-15-1305.tsx",
    "update-2025-08-15-1304.tsx",
    "update-2025-08-15-1303.tsx",
    "update-2025-08-15-1302.tsx",
    "update-2025-08-15-1301.tsx",
    "update-2025-08-15T16-00.tsx",
    "update-2025-08-15-1600.tsx",
    "update-2025-08-15-1259.tsx",
    "update-2025-08-15-1258.tsx",
    "update-2025-08-15-1257.tsx",
    "update-2025-08-15-1256.tsx",
    "update-2025-08-15-1255.tsx",
    "update-2025-08-15-1254.tsx",
    "update-2025-08-15-1253.tsx",
    "update-2025-08-15-1252.tsx",
    "update-2025-08-15-1251.tsx",
    "update-2025-08-15T15-50.tsx",
    "update-2025-08-15-1550.tsx",
    "update-2025-08-15-1249.tsx",
    "update-2025-08-15-1248.tsx",
    "update-2025-08-15-1247.tsx",
    "update-2025-08-15-1246.tsx",
    "update-2025-08-15-1245.tsx",
    "update-2025-08-15-1244.tsx",
    "update-2025-08-15-1243.tsx",
    "update-2025-08-15-1241.tsx",
    "update-2025-08-15T15-40.tsx",
    "update-2025-08-15-1540.tsx"
  ],
  "metrics": {
    "diversityScore": 100,
    "avgLen": 2096,
    "duplicateCount": 0,
    "seoScore": 9
  },
  "guidance": [
    "Aim for varied intros, highlights, and CTAs across updates.",
    "Keep meta description and keywords present for each page.",
    "Include at least one external source highlight when available.",
    "Target 300–1000 characters per update for skim-ability."
  ]
}