{
  "generatedAt": "2025-08-17T07:44:01.325Z",
  "files": [
    "update-2025-08-17-0444.tsx",
    "update-2025-08-17-0443.tsx",
    "update-2025-08-17-0442.tsx",
    "update-2025-08-17-0441.tsx",
    "update-2025-08-17T07-40.tsx",
    "update-2025-08-17-0740.tsx",
    "update-2025-08-17-0439.tsx",
    "update-2025-08-17-0438.tsx",
    "update-2025-08-17-0437.tsx",
    "update-2025-08-17-0436.tsx",
    "update-2025-08-17-0435.tsx",
    "update-2025-08-17-0434.tsx",
    "update-2025-08-17-0433.tsx",
    "update-2025-08-17-0432.tsx",
    "update-2025-08-17-0431.tsx",
    "update-2025-08-17T07-30.tsx",
    "update-2025-08-17-0730.tsx",
    "update-2025-08-17-0429.tsx",
    "update-2025-08-17-0428.tsx",
    "update-2025-08-17-0427.tsx",
    "update-2025-08-17-0426.tsx",
    "update-2025-08-17-0425.tsx",
    "update-2025-08-17-0424.tsx",
    "update-2025-08-17-0423.tsx",
    "update-2025-08-17-0422.tsx",
    "update-2025-08-17-0421.tsx",
    "update-2025-08-17T07-20.tsx",
    "update-2025-08-17-0720.tsx",
    "update-2025-08-17-0419.tsx",
    "update-2025-08-17-0418.tsx",
    "update-2025-08-17-0417.tsx",
    "update-2025-08-17-0416.tsx",
    "update-2025-08-17-0415.tsx",
    "update-2025-08-17-0414.tsx",
    "update-2025-08-17-0413.tsx",
    "update-2025-08-17-0412.tsx",
    "update-2025-08-17-0411.tsx",
    "update-2025-08-17T07-10.tsx",
    "update-2025-08-17-0710.tsx",
    "update-2025-08-17-0409.tsx",
    "update-2025-08-17-0408.tsx",
    "update-2025-08-17-0407.tsx",
    "update-2025-08-17-0406.tsx",
    "update-2025-08-17-0405.tsx",
    "update-2025-08-17-0404.tsx",
    "update-2025-08-17-0403.tsx",
    "update-2025-08-17-0402.tsx",
    "update-2025-08-17-0401.tsx",
    "update-2025-08-17T07-00.tsx",
    "update-2025-08-17-0700.tsx",
    "update-2025-08-17-0359.tsx",
    "update-2025-08-17-0358.tsx",
    "update-2025-08-17-0357.tsx",
    "update-2025-08-17-0356.tsx",
    "update-2025-08-17-0355.tsx",
    "update-2025-08-17-0354.tsx",
    "update-2025-08-17-0353.tsx",
    "update-2025-08-17-0352.tsx",
    "update-2025-08-17-0351.tsx",
    "update-2025-08-17T06-50.tsx",
    "update-2025-08-17-0650.tsx",
    "update-2025-08-17-0349.tsx",
    "update-2025-08-17-0348.tsx",
    "update-2025-08-17-0347.tsx",
    "update-2025-08-17-0346.tsx",
    "update-2025-08-17-0345.tsx",
    "update-2025-08-17-0344.tsx",
    "update-2025-08-17-0343.tsx",
    "update-2025-08-17-0342.tsx",
    "update-2025-08-17-0341.tsx",
    "update-2025-08-17T06-40.tsx",
    "update-2025-08-17-0640.tsx",
    "update-2025-08-17-0339.tsx",
    "update-2025-08-17-0338.tsx",
    "update-2025-08-17-0337.tsx",
    "update-2025-08-17-0336.tsx",
    "update-2025-08-17-0335.tsx",
    "update-2025-08-17-0334.tsx",
    "update-2025-08-17-0333.tsx",
    "update-2025-08-17-0332.tsx",
    "update-2025-08-17-0331.tsx",
    "update-2025-08-17T06-30.tsx",
    "update-2025-08-17-0630.tsx",
    "update-2025-08-17-0329.tsx",
    "update-2025-08-17-0328.tsx",
    "update-2025-08-17-0327.tsx",
    "update-2025-08-17-0326.tsx",
    "update-2025-08-17-0325.tsx",
    "update-2025-08-17-0324.tsx",
    "update-2025-08-17-0323.tsx",
    "update-2025-08-17-0322.tsx",
    "update-2025-08-17-0321.tsx",
    "update-2025-08-17T06-20.tsx",
    "update-2025-08-17-0620.tsx",
    "update-2025-08-17-0319.tsx",
    "update-2025-08-17-0318.tsx",
    "update-2025-08-17-0317.tsx",
    "update-2025-08-17-0316.tsx",
    "update-2025-08-17-0315.tsx",
    "update-2025-08-17-0314.tsx"
  ],
  "metrics": {
    "diversityScore": 100,
    "avgLen": 2105,
    "duplicateCount": 0,
    "seoScore": 9
  },
  "guidance": [
    "Aim for varied intros, highlights, and CTAs across updates.",
    "Keep meta description and keywords present for each page.",
    "Include at least one external source highlight when available.",
    "Target 300–1000 characters per update for skim-ability."
  ]
}