{
  "generatedAt": "2025-08-17T20:41:01.568Z",
  "files": [
    "update-2025-08-17T20-41.tsx",
    "update-2025-08-17-1741.tsx",
    "update-2025-08-17-2040.tsx",
    "update-2025-08-17-1739.tsx",
    "update-2025-08-17-1738.tsx",
    "update-2025-08-17-1737.tsx",
    "update-2025-08-17-1736.tsx",
    "update-2025-08-17-1735.tsx",
    "update-2025-08-17-1734.tsx",
    "update-2025-08-17-1733.tsx",
    "update-2025-08-17-1732.tsx",
    "update-2025-08-17T20-31.tsx",
    "update-2025-08-17-1731.tsx",
    "update-2025-08-17-2030.tsx",
    "update-2025-08-17-1729.tsx",
    "update-2025-08-17-1728.tsx",
    "update-2025-08-17-1727.tsx",
    "update-2025-08-17-1726.tsx",
    "update-2025-08-17-1725.tsx",
    "update-2025-08-17-1724.tsx",
    "update-2025-08-17-1723.tsx",
    "update-2025-08-17-1722.tsx",
    "update-2025-08-17-1721.tsx",
    "update-2025-08-17T20-21.tsx",
    "update-2025-08-17-2020.tsx",
    "update-2025-08-17-1719.tsx",
    "update-2025-08-17-1718.tsx",
    "update-2025-08-17-1717.tsx",
    "update-2025-08-17-1716.tsx",
    "update-2025-08-17-1715.tsx",
    "update-2025-08-17-1714.tsx",
    "update-2025-08-17-1713.tsx",
    "update-2025-08-17-1712.tsx",
    "update-2025-08-17T20-11.tsx",
    "update-2025-08-17-1711.tsx",
    "update-2025-08-17-2010.tsx",
    "update-2025-08-17-1709.tsx",
    "update-2025-08-17-1708.tsx",
    "update-2025-08-17-1707.tsx",
    "update-2025-08-17-1706.tsx",
    "update-2025-08-17-1705.tsx",
    "update-2025-08-17-1704.tsx",
    "update-2025-08-17-1703.tsx",
    "update-2025-08-17-1702.tsx",
    "update-2025-08-17-1701.tsx",
    "update-2025-08-17T20-01.tsx",
    "update-2025-08-17-2000.tsx",
    "update-2025-08-17-1659.tsx",
    "update-2025-08-17-1658.tsx",
    "update-2025-08-17-1657.tsx",
    "update-2025-08-17-1656.tsx",
    "update-2025-08-17-1655.tsx",
    "update-2025-08-17-1654.tsx",
    "update-2025-08-17-1653.tsx",
    "update-2025-08-17-1652.tsx",
    "update-2025-08-17T19-51.tsx",
    "update-2025-08-17-1651.tsx",
    "update-2025-08-17-1950.tsx",
    "update-2025-08-17-1649.tsx",
    "update-2025-08-17-1648.tsx",
    "update-2025-08-17-1647.tsx",
    "update-2025-08-17-1646.tsx",
    "update-2025-08-17-1645.tsx",
    "update-2025-08-17-1644.tsx",
    "update-2025-08-17-1643.tsx",
    "update-2025-08-17-1642.tsx",
    "update-2025-08-17T19-41.tsx",
    "update-2025-08-17-1641.tsx",
    "update-2025-08-17-1940.tsx",
    "update-2025-08-17-1639.tsx",
    "update-2025-08-17-1638.tsx",
    "update-2025-08-17-1637.tsx",
    "update-2025-08-17-1636.tsx",
    "update-2025-08-17-1635.tsx",
    "update-2025-08-17-1634.tsx",
    "update-2025-08-17-1633.tsx",
    "update-2025-08-17-1632.tsx",
    "update-2025-08-17-1631.tsx",
    "update-2025-08-17T19-31.tsx",
    "update-2025-08-17-1930.tsx",
    "update-2025-08-17-1629.tsx",
    "update-2025-08-17-1628.tsx",
    "update-2025-08-17-1627.tsx",
    "update-2025-08-17-1626.tsx",
    "update-2025-08-17-1625.tsx",
    "update-2025-08-17-1624.tsx",
    "update-2025-08-17-1623.tsx",
    "update-2025-08-17-1622.tsx",
    "update-2025-08-17T19-21.tsx",
    "update-2025-08-17-1621.tsx",
    "update-2025-08-17-1920.tsx",
    "update-2025-08-17-1619.tsx",
    "update-2025-08-17-1618.tsx",
    "update-2025-08-17-1617.tsx",
    "update-2025-08-17-1616.tsx",
    "update-2025-08-17-1615.tsx",
    "update-2025-08-17-1614.tsx",
    "update-2025-08-17-1613.tsx",
    "update-2025-08-17-1612.tsx",
    "update-2025-08-17-1611.tsx"
  ],
  "metrics": {
    "diversityScore": 100,
    "avgLen": 2097,
    "duplicateCount": 0,
    "seoScore": 9
  },
  "guidance": [
    "Aim for varied intros, highlights, and CTAs across updates.",
    "Keep meta description and keywords present for each page.",
    "Include at least one external source highlight when available.",
    "Target 300–1000 characters per update for skim-ability."
  ]
}