{
  "generatedAt": "2025-08-17T15:28:01.648Z",
  "files": [
    "update-2025-08-17-1228.tsx",
    "update-2025-08-17-1227.tsx",
    "update-2025-08-17-1226.tsx",
    "update-2025-08-17-1225.tsx",
    "update-2025-08-17-1224.tsx",
    "update-2025-08-17-1223.tsx",
    "update-2025-08-17-1222.tsx",
    "update-2025-08-17-1221.tsx",
    "update-2025-08-17T15-20.tsx",
    "update-2025-08-17-1520.tsx",
    "update-2025-08-17-1219.tsx",
    "update-2025-08-17-1218.tsx",
    "update-2025-08-17-1217.tsx",
    "update-2025-08-17-1216.tsx",
    "update-2025-08-17-1215.tsx",
    "update-2025-08-17-1214.tsx",
    "update-2025-08-17-1213.tsx",
    "update-2025-08-17-1212.tsx",
    "update-2025-08-17-1211.tsx",
    "update-2025-08-17T15-10.tsx",
    "update-2025-08-17-1510.tsx",
    "update-2025-08-17-1209.tsx",
    "update-2025-08-17-1208.tsx",
    "update-2025-08-17-1207.tsx",
    "update-2025-08-17-1206.tsx",
    "update-2025-08-17-1205.tsx",
    "update-2025-08-17-1204.tsx",
    "update-2025-08-17-1203.tsx",
    "update-2025-08-17-1202.tsx",
    "update-2025-08-17-1201.tsx",
    "update-2025-08-17T15-01.tsx",
    "update-2025-08-17T15-00.tsx",
    "update-2025-08-17-1500.tsx",
    "update-2025-08-17-1159.tsx",
    "update-2025-08-17-1158.tsx",
    "update-2025-08-17-1157.tsx",
    "update-2025-08-17-1156.tsx",
    "update-2025-08-17-1155.tsx",
    "update-2025-08-17-1154.tsx",
    "update-2025-08-17-1153.tsx",
    "update-2025-08-17-1152.tsx",
    "update-2025-08-17-1151.tsx",
    "update-2025-08-17T14-50.tsx",
    "update-2025-08-17-1450.tsx",
    "update-2025-08-17-1149.tsx",
    "update-2025-08-17-1148.tsx",
    "update-2025-08-17-1147.tsx",
    "update-2025-08-17-1146.tsx",
    "update-2025-08-17-1145.tsx",
    "update-2025-08-17-1144.tsx",
    "update-2025-08-17-1143.tsx",
    "update-2025-08-17-1142.tsx",
    "update-2025-08-17-1141.tsx",
    "update-2025-08-17T14-40.tsx",
    "update-2025-08-17-1440.tsx",
    "update-2025-08-17-1139.tsx",
    "update-2025-08-17-1138.tsx",
    "update-2025-08-17-1137.tsx",
    "update-2025-08-17-1136.tsx",
    "update-2025-08-17-1135.tsx",
    "update-2025-08-17-1134.tsx",
    "update-2025-08-17-1133.tsx",
    "update-2025-08-17-1132.tsx",
    "update-2025-08-17-1131.tsx",
    "update-2025-08-17T14-30.tsx",
    "update-2025-08-17-1430.tsx",
    "update-2025-08-17-1129.tsx",
    "update-2025-08-17-1128.tsx",
    "update-2025-08-17-1127.tsx",
    "update-2025-08-17-1126.tsx",
    "update-2025-08-17-1125.tsx",
    "update-2025-08-17-1124.tsx",
    "update-2025-08-17-1123.tsx",
    "update-2025-08-17-1122.tsx",
    "update-2025-08-17-1121.tsx",
    "update-2025-08-17T14-20.tsx",
    "update-2025-08-17-1420.tsx",
    "update-2025-08-17-1119.tsx",
    "update-2025-08-17-1118.tsx",
    "update-2025-08-17-1117.tsx",
    "update-2025-08-17-1116.tsx",
    "update-2025-08-17-1115.tsx",
    "update-2025-08-17-1114.tsx",
    "update-2025-08-17-1113.tsx",
    "update-2025-08-17-1112.tsx",
    "update-2025-08-17-1111.tsx",
    "update-2025-08-17T14-10.tsx",
    "update-2025-08-17-1410.tsx",
    "update-2025-08-17-1109.tsx",
    "update-2025-08-17-1108.tsx",
    "update-2025-08-17-1107.tsx",
    "update-2025-08-17-1106.tsx",
    "update-2025-08-17-1105.tsx",
    "update-2025-08-17-1104.tsx",
    "update-2025-08-17-1103.tsx",
    "update-2025-08-17-1102.tsx",
    "update-2025-08-17-1101.tsx",
    "update-2025-08-17T14-00.tsx",
    "update-2025-08-17-1400.tsx",
    "update-2025-08-17-1059.tsx"
  ],
  "metrics": {
    "diversityScore": 100,
    "avgLen": 2092,
    "duplicateCount": 0,
    "seoScore": 9
  },
  "guidance": [
    "Aim for varied intros, highlights, and CTAs across updates.",
    "Keep meta description and keywords present for each page.",
    "Include at least one external source highlight when available.",
    "Target 300–1000 characters per update for skim-ability."
  ]
}