{
  "generatedAt": "2025-08-16T22:27:01.358Z",
  "files": [
    "update-2025-08-16-1927.tsx",
    "update-2025-08-16-1926.tsx",
    "update-2025-08-16-1925.tsx",
    "update-2025-08-16-1924.tsx",
    "update-2025-08-16-1923.tsx",
    "update-2025-08-16-1922.tsx",
    "update-2025-08-16-1921.tsx",
    "update-2025-08-16T22-20.tsx",
    "update-2025-08-16-2220.tsx",
    "update-2025-08-16-1920.tsx",
    "update-2025-08-16-1919.tsx",
    "update-2025-08-16-1918.tsx",
    "update-2025-08-16-1917.tsx",
    "update-2025-08-16-1916.tsx",
    "update-2025-08-16-1915.tsx",
    "update-2025-08-16-1914.tsx",
    "update-2025-08-16-1913.tsx",
    "update-2025-08-16-1912.tsx",
    "update-2025-08-16-1911.tsx",
    "update-2025-08-16T22-10.tsx",
    "update-2025-08-16-2210.tsx",
    "update-2025-08-16-1910.tsx",
    "update-2025-08-16-1909.tsx",
    "update-2025-08-16-1908.tsx",
    "update-2025-08-16-1907.tsx",
    "update-2025-08-16-1906.tsx",
    "update-2025-08-16-1905.tsx",
    "update-2025-08-16-1904.tsx",
    "update-2025-08-16-1903.tsx",
    "update-2025-08-16-1902.tsx",
    "update-2025-08-16-1901.tsx",
    "update-2025-08-16T22-00.tsx",
    "update-2025-08-16-2200.tsx",
    "update-2025-08-16-1900.tsx",
    "update-2025-08-16-1859.tsx",
    "update-2025-08-16-1858.tsx",
    "update-2025-08-16-1857.tsx",
    "update-2025-08-16-1856.tsx",
    "update-2025-08-16-1855.tsx",
    "update-2025-08-16-1854.tsx",
    "update-2025-08-16-1853.tsx",
    "update-2025-08-16-1852.tsx",
    "update-2025-08-16-1851.tsx",
    "update-2025-08-16T21-50.tsx",
    "update-2025-08-16-2150.tsx",
    "update-2025-08-16-1850.tsx",
    "update-2025-08-16-1849.tsx",
    "update-2025-08-16-1848.tsx",
    "update-2025-08-16-1847.tsx",
    "update-2025-08-16-1846.tsx",
    "update-2025-08-16-1845.tsx",
    "update-2025-08-16-1844.tsx",
    "update-2025-08-16-1843.tsx",
    "update-2025-08-16-1842.tsx",
    "update-2025-08-16-1841.tsx",
    "update-2025-08-16T21-40.tsx",
    "update-2025-08-16-2140.tsx",
    "update-2025-08-16-1840.tsx",
    "update-2025-08-16-1839.tsx",
    "update-2025-08-16-1838.tsx",
    "update-2025-08-16-1837.tsx",
    "update-2025-08-16-1836.tsx",
    "update-2025-08-16-1835.tsx",
    "update-2025-08-16-1834.tsx",
    "update-2025-08-16-1833.tsx",
    "update-2025-08-16-1832.tsx",
    "update-2025-08-16-1831.tsx",
    "update-2025-08-16T21-30.tsx",
    "update-2025-08-16-2130.tsx",
    "update-2025-08-16-1830.tsx",
    "update-2025-08-16-1829.tsx",
    "update-2025-08-16-1828.tsx",
    "update-2025-08-16-1827.tsx",
    "update-2025-08-16-1826.tsx",
    "update-2025-08-16-1825.tsx",
    "update-2025-08-16T21-10.tsx",
    "update-2025-08-16T21-00.tsx",
    "update-2025-08-16-2110.tsx",
    "update-2025-08-16-2100.tsx",
    "update-2025-08-16-1816.tsx",
    "update-2025-08-16-1815.tsx",
    "update-2025-08-16-1814.tsx",
    "update-2025-08-16-1813.tsx",
    "update-2025-08-16-1812.tsx",
    "update-2025-08-16-1811.tsx",
    "update-2025-08-16-1810.tsx",
    "update-2025-08-16-1809.tsx",
    "update-2025-08-16-1808.tsx",
    "update-2025-08-16-1807.tsx",
    "update-2025-08-16-1806.tsx",
    "update-2025-08-16-1805.tsx",
    "update-2025-08-16-1804.tsx",
    "update-2025-08-16-1803.tsx",
    "update-2025-08-16-1802.tsx",
    "update-2025-08-16-1801.tsx",
    "update-2025-08-16-1800.tsx",
    "update-2025-08-16-1759.tsx",
    "update-2025-08-16-1758.tsx",
    "update-2025-08-16-1824.tsx",
    "update-2025-08-16-1823.tsx"
  ],
  "metrics": {
    "diversityScore": 100,
    "avgLen": 2111,
    "duplicateCount": 0,
    "seoScore": 8
  },
  "guidance": [
    "Aim for varied intros, highlights, and CTAs across updates.",
    "Keep meta description and keywords present for each page.",
    "Include at least one external source highlight when available.",
    "Target 300–1000 characters per update for skim-ability."
  ]
}