{
  "generatedAt": "2025-08-17T06:52:01.272Z",
  "files": [
    "update-2025-08-17-0352.tsx",
    "update-2025-08-17-0351.tsx",
    "update-2025-08-17T06-50.tsx",
    "update-2025-08-17-0650.tsx",
    "update-2025-08-17-0349.tsx",
    "update-2025-08-17-0348.tsx",
    "update-2025-08-17-0347.tsx",
    "update-2025-08-17-0346.tsx",
    "update-2025-08-17-0345.tsx",
    "update-2025-08-17-0344.tsx",
    "update-2025-08-17-0343.tsx",
    "update-2025-08-17-0342.tsx",
    "update-2025-08-17-0341.tsx",
    "update-2025-08-17T06-40.tsx",
    "update-2025-08-17-0640.tsx",
    "update-2025-08-17-0339.tsx",
    "update-2025-08-17-0338.tsx",
    "update-2025-08-17-0337.tsx",
    "update-2025-08-17-0336.tsx",
    "update-2025-08-17-0335.tsx",
    "update-2025-08-17-0334.tsx",
    "update-2025-08-17-0333.tsx",
    "update-2025-08-17-0332.tsx",
    "update-2025-08-17-0331.tsx",
    "update-2025-08-17T06-30.tsx",
    "update-2025-08-17-0630.tsx",
    "update-2025-08-17-0329.tsx",
    "update-2025-08-17-0328.tsx",
    "update-2025-08-17-0327.tsx",
    "update-2025-08-17-0326.tsx",
    "update-2025-08-17-0325.tsx",
    "update-2025-08-17-0324.tsx",
    "update-2025-08-17-0323.tsx",
    "update-2025-08-17-0322.tsx",
    "update-2025-08-17-0321.tsx",
    "update-2025-08-17T06-20.tsx",
    "update-2025-08-17-0620.tsx",
    "update-2025-08-17-0319.tsx",
    "update-2025-08-17-0318.tsx",
    "update-2025-08-17-0317.tsx",
    "update-2025-08-17-0316.tsx",
    "update-2025-08-17-0315.tsx",
    "update-2025-08-17-0314.tsx",
    "update-2025-08-17-0313.tsx",
    "update-2025-08-17-0312.tsx",
    "update-2025-08-17-0311.tsx",
    "update-2025-08-17T06-10.tsx",
    "update-2025-08-17-0610.tsx",
    "update-2025-08-17-0309.tsx",
    "update-2025-08-17-0308.tsx",
    "update-2025-08-17-0307.tsx",
    "update-2025-08-17-0306.tsx",
    "update-2025-08-17-0305.tsx",
    "update-2025-08-17-0304.tsx",
    "update-2025-08-17-0303.tsx",
    "update-2025-08-17-0302.tsx",
    "update-2025-08-17-0301.tsx",
    "update-2025-08-17T06-00.tsx",
    "update-2025-08-17-0600.tsx",
    "update-2025-08-17-0259.tsx",
    "update-2025-08-17-0258.tsx",
    "update-2025-08-17-0257.tsx",
    "update-2025-08-17-0256.tsx",
    "update-2025-08-17-0255.tsx",
    "update-2025-08-17-0254.tsx",
    "update-2025-08-17-0253.tsx",
    "update-2025-08-17-0252.tsx",
    "update-2025-08-17-0251.tsx",
    "update-2025-08-17T05-50.tsx",
    "update-2025-08-17-0550.tsx",
    "update-2025-08-17-0249.tsx",
    "update-2025-08-17-0248.tsx",
    "update-2025-08-17-0247.tsx",
    "update-2025-08-17-0246.tsx",
    "update-2025-08-17-0245.tsx",
    "update-2025-08-17-0244.tsx",
    "update-2025-08-17-0243.tsx",
    "update-2025-08-17-0242.tsx",
    "update-2025-08-17-0241.tsx",
    "update-2025-08-17T05-40.tsx",
    "update-2025-08-17-0540.tsx",
    "update-2025-08-17-0239.tsx",
    "update-2025-08-17-0238.tsx",
    "update-2025-08-17-0237.tsx",
    "update-2025-08-17-0236.tsx",
    "update-2025-08-17-0235.tsx",
    "update-2025-08-17-0234.tsx",
    "update-2025-08-17-0233.tsx",
    "update-2025-08-17-0232.tsx",
    "update-2025-08-17-0231.tsx",
    "update-2025-08-17T05-30.tsx",
    "update-2025-08-17-0530.tsx",
    "update-2025-08-17-0229.tsx",
    "update-2025-08-17-0228.tsx",
    "update-2025-08-17-0227.tsx",
    "update-2025-08-17-0226.tsx",
    "update-2025-08-17-0225.tsx",
    "update-2025-08-17-0224.tsx",
    "update-2025-08-17-0223.tsx",
    "update-2025-08-17-0222.tsx"
  ],
  "metrics": {
    "diversityScore": 100,
    "avgLen": 2110,
    "duplicateCount": 0,
    "seoScore": 9
  },
  "guidance": [
    "Aim for varied intros, highlights, and CTAs across updates.",
    "Keep meta description and keywords present for each page.",
    "Include at least one external source highlight when available.",
    "Target 300–1000 characters per update for skim-ability."
  ]
}