{
  "generatedAt": "2025-08-18T09:18:01.238Z",
  "files": [
    "update-2025-08-18-0618.tsx",
    "update-2025-08-18-0617.tsx",
    "update-2025-08-18-0616.tsx",
    "update-2025-08-18-0615.tsx",
    "update-2025-08-18-0614.tsx",
    "update-2025-08-18-0613.tsx",
    "update-2025-08-18-0612.tsx",
    "update-2025-08-18-0611.tsx",
    "update-2025-08-18T09-10.tsx",
    "update-2025-08-18-0910.tsx",
    "update-2025-08-18-0609.tsx",
    "update-2025-08-18-0608.tsx",
    "update-2025-08-18-0607.tsx",
    "update-2025-08-18-0606.tsx",
    "update-2025-08-18-0605.tsx",
    "update-2025-08-18-0604.tsx",
    "update-2025-08-18-0603.tsx",
    "update-2025-08-18-0602.tsx",
    "update-2025-08-18-0601.tsx",
    "update-2025-08-18T09-00.tsx",
    "update-2025-08-18-0900.tsx",
    "update-2025-08-18-0559.tsx",
    "update-2025-08-18-0558.tsx",
    "update-2025-08-18-0557.tsx",
    "update-2025-08-18-0556.tsx",
    "update-2025-08-18-0555.tsx",
    "update-2025-08-18-0554.tsx",
    "update-2025-08-18-0553.tsx",
    "update-2025-08-18-0552.tsx",
    "update-2025-08-18-0551.tsx",
    "update-2025-08-18T08-50.tsx",
    "update-2025-08-18-0850.tsx",
    "update-2025-08-18-0549.tsx",
    "update-2025-08-18-0548.tsx",
    "update-2025-08-18-0547.tsx",
    "update-2025-08-18-0546.tsx",
    "update-2025-08-18-0545.tsx",
    "update-2025-08-18-0544.tsx",
    "update-2025-08-18-0543.tsx",
    "update-2025-08-18-0542.tsx",
    "update-2025-08-18-0541.tsx",
    "update-2025-08-18T08-40.tsx",
    "update-2025-08-18-0840.tsx",
    "update-2025-08-18-0539.tsx",
    "update-2025-08-18-0538.tsx",
    "update-2025-08-18-0537.tsx",
    "update-2025-08-18-0536.tsx",
    "update-2025-08-18T08-35.tsx",
    "update-2025-08-18-0835.tsx",
    "update-2025-08-18-0535.tsx",
    "update-2025-08-18-0534.tsx",
    "update-2025-08-18T08-33.tsx",
    "update-2025-08-18-0833.tsx",
    "update-2025-08-18-0533.tsx",
    "update-2025-08-18-0532.tsx",
    "update-2025-08-18-0531.tsx",
    "update-2025-08-18T08-30.tsx",
    "update-2025-08-18-0830.tsx",
    "update-2025-08-18-0529.tsx",
    "update-2025-08-18-0528.tsx",
    "update-2025-08-18-0527.tsx",
    "update-2025-08-18-0526.tsx",
    "update-2025-08-18-0525.tsx",
    "update-2025-08-18-0524.tsx",
    "update-2025-08-18-0523.tsx",
    "update-2025-08-18-0522.tsx",
    "update-2025-08-18-0521.tsx",
    "update-2025-08-18T08-20.tsx",
    "update-2025-08-18-0820.tsx",
    "update-2025-08-18-0519.tsx",
    "update-2025-08-18-0518.tsx",
    "update-2025-08-18-0517.tsx",
    "update-2025-08-18-0516.tsx",
    "update-2025-08-18-0515.tsx",
    "update-2025-08-18-0514.tsx",
    "update-2025-08-18-0513.tsx",
    "update-2025-08-18-0512.tsx",
    "update-2025-08-18-0511.tsx",
    "update-2025-08-18T08-10.tsx",
    "update-2025-08-18-0810.tsx",
    "update-2025-08-18-0509.tsx",
    "update-2025-08-18-0508.tsx",
    "update-2025-08-18-0507.tsx",
    "update-2025-08-18-0506.tsx",
    "update-2025-08-18-0505.tsx",
    "update-2025-08-18-0504.tsx",
    "update-2025-08-18-0503.tsx",
    "update-2025-08-18-0502.tsx",
    "update-2025-08-18-0501.tsx",
    "update-2025-08-18T08-00.tsx",
    "update-2025-08-18-0800.tsx",
    "update-2025-08-18-0500.tsx",
    "update-2025-08-18-0459.tsx",
    "update-2025-08-18-0458.tsx",
    "update-2025-08-18T07-57.tsx",
    "update-2025-08-18-0757.tsx",
    "update-2025-08-18-0457.tsx",
    "update-2025-08-18-0456.tsx",
    "update-2025-08-18-0455.tsx",
    "update-2025-08-18-0454.tsx"
  ],
  "metrics": {
    "diversityScore": 100,
    "avgLen": 2078,
    "duplicateCount": 0,
    "seoScore": 11
  },
  "guidance": [
    "Aim for varied intros, highlights, and CTAs across updates.",
    "Keep meta description and keywords present for each page.",
    "Include at least one external source highlight when available.",
    "Target 300–1000 characters per update for skim-ability."
  ]
}