{
  "generatedAt": "2025-08-15T08:53:03.912Z",
  "files": [
    "update-2025-08-15T08-53.tsx",
    "update-2025-08-15-0553.tsx",
    "update-2025-08-15-0552.tsx",
    "update-2025-08-15-0852.tsx",
    "update-2025-08-15T08-51.tsx",
    "update-2025-08-15-0851.tsx",
    "update-2025-08-15T08-50.tsx",
    "update-2025-08-15-0850.tsx",
    "update-2025-08-15-0549.tsx",
    "update-2025-08-15-0551.tsx",
    "update-2025-08-15T08-47.tsx",
    "update-2025-08-15-0847.tsx",
    "update-2025-08-15T08-46.tsx",
    "update-2025-08-15-0846.tsx",
    "update-2025-08-15-0546.tsx",
    "update-2025-08-15-0547.tsx",
    "update-2025-08-15T08-45.tsx",
    "update-2025-08-15-0845.tsx",
    "update-2025-08-15-0545.tsx",
    "update-2025-08-15-0543.tsx",
    "update-2025-08-15-0542.tsx",
    "update-2025-08-15T08-42.tsx",
    "update-2025-08-15-0541.tsx",
    "update-2025-08-15T08-41.tsx",
    "update-2025-08-15-0841.tsx",
    "update-2025-08-15T08-40.tsx",
    "update-2025-08-15-0840.tsx",
    "update-2025-08-15-0838.tsx",
    "update-2025-08-15T08-38.tsx",
    "update-2025-08-15-0537.tsx",
    "update-2025-08-15-0536.tsx",
    "update-2025-08-15T08-34.tsx",
    "update-2025-08-15-0833.tsx",
    "update-2025-08-15-0533.tsx",
    "update-2025-08-15-0532.tsx",
    "update-2025-08-15-0503.tsx",
    "update-2025-08-15T08-32.tsx",
    "update-2025-08-15T08-21.tsx",
    "update-2025-08-15-0821.tsx",
    "update-2025-08-15-0808.tsx",
    "update-2025-08-15T08-08.tsx",
    "update-2025-08-15T08-02.tsx",
    "update-2025-08-15-0802.tsx",
    "update-2025-08-15-0502.tsx",
    "update-2025-08-15T08-01.tsx",
    "update-2025-08-15-0801.tsx",
    "update-2025-08-15-0501.tsx",
    "update-2025-08-15T08-00.tsx",
    "update-2025-08-15-0800.tsx",
    "update-2025-08-15T07-59.tsx",
    "update-2025-08-15-0759.tsx",
    "update-2025-08-15-0459.tsx",
    "update-2025-08-15T07-56.tsx",
    "update-2025-08-15-0756.tsx",
    "update-2025-08-15-0451.tsx",
    "update-2025-08-15-0449.tsx",
    "update-2025-08-15T07-48.tsx",
    "update-2025-08-15-0448.tsx",
    "update-2025-08-15-0447.tsx",
    "update-2025-08-15T07-47.tsx",
    "update-2025-08-15-0747.tsx",
    "update-2025-08-15T07-46.tsx",
    "update-2025-08-15-0746.tsx",
    "update-2025-08-15-0446.tsx",
    "update-2025-08-15T07-44.tsx",
    "update-2025-08-15-0744.tsx",
    "update-2025-08-15-0444.tsx",
    "update-2025-08-15T07-43.tsx",
    "update-2025-08-15-0743.tsx",
    "update-2025-08-15-0443.tsx",
    "update-2025-08-15T07-42.tsx",
    "update-2025-08-15-0442.tsx",
    "update-2025-08-15-0742.tsx",
    "update-2025-08-15T07-41.tsx",
    "update-2025-08-15-0741.tsx",
    "update-2025-08-15-0441.tsx",
    "update-2025-08-15-0740.tsx",
    "update-2025-08-15T07-40.tsx",
    "update-2025-08-15T07-38.tsx",
    "update-2025-08-15-0738.tsx",
    "update-2025-08-15T07-37.tsx",
    "update-2025-08-15-0437.tsx",
    "update-2025-08-15-0436.tsx",
    "update-2025-08-15T07-36.tsx",
    "update-2025-08-15-0736.tsx",
    "update-2025-08-15T07-35.tsx",
    "update-2025-08-15-0735.tsx",
    "update-2025-08-15-0435.tsx",
    "update-2025-08-15T07-34.tsx",
    "update-2025-08-15-0734.tsx",
    "update-2025-08-15-0434.tsx",
    "update-2025-08-15T07-33.tsx",
    "update-2025-08-15-0733.tsx",
    "update-2025-08-15-0433.tsx",
    "update-2025-08-15T07-32.tsx",
    "update-2025-08-15-0732.tsx",
    "update-2025-08-15-0432.tsx",
    "update-2025-08-15-0431.tsx",
    "update-2025-08-15T07-31.tsx",
    "update-2025-08-15-0731.tsx"
  ],
  "metrics": {
    "diversityScore": 100,
    "avgLen": 1874,
    "duplicateCount": 0,
    "seoScore": 31
  },
  "guidance": [
    "Aim for varied intros, highlights, and CTAs across updates.",
    "Keep meta description and keywords present for each page.",
    "Include at least one external source highlight when available.",
    "Target 300–1000 characters per update for skim-ability."
  ]
}