{
  "generatedAt": "2025-08-18T10:14:01.240Z",
  "files": [
    "update-2025-08-18-0714.tsx",
    "update-2025-08-18-0712.tsx",
    "update-2025-08-18-0711.tsx",
    "update-2025-08-18T10-10.tsx",
    "update-2025-08-18-1010.tsx",
    "update-2025-08-18-0709.tsx",
    "update-2025-08-18-0708.tsx",
    "update-2025-08-18-0707.tsx",
    "update-2025-08-18-0706.tsx",
    "update-2025-08-18-0705.tsx",
    "update-2025-08-18-0704.tsx",
    "update-2025-08-18-0703.tsx",
    "update-2025-08-18-0702.tsx",
    "update-2025-08-18-0701.tsx",
    "update-2025-08-18T10-00.tsx",
    "update-2025-08-18-1000.tsx",
    "update-2025-08-18-0659.tsx",
    "update-2025-08-18-0658.tsx",
    "update-2025-08-18-0657.tsx",
    "update-2025-08-18-0656.tsx",
    "update-2025-08-18-0654.tsx",
    "update-2025-08-18-0653.tsx",
    "update-2025-08-18-0652.tsx",
    "update-2025-08-18T09-50.tsx",
    "update-2025-08-18-0950.tsx",
    "update-2025-08-18-0650.tsx",
    "update-2025-08-18-0648.tsx",
    "update-2025-08-18-0646.tsx",
    "update-2025-08-18-0645.tsx",
    "update-2025-08-18-0643.tsx",
    "update-2025-08-18-0642.tsx",
    "update-2025-08-18-0641.tsx",
    "update-2025-08-18T09-40.tsx",
    "update-2025-08-18-0940.tsx",
    "update-2025-08-18-0638.tsx",
    "update-2025-08-18-0637.tsx",
    "update-2025-08-18-0636.tsx",
    "update-2025-08-18-0635.tsx",
    "update-2025-08-18-0634.tsx",
    "update-2025-08-18-0633.tsx",
    "update-2025-08-18-0632.tsx",
    "update-2025-08-18-0631.tsx",
    "update-2025-08-18T09-30.tsx",
    "update-2025-08-18-0930.tsx",
    "update-2025-08-18-0630.tsx",
    "update-2025-08-18-0629.tsx",
    "update-2025-08-18-0628.tsx",
    "update-2025-08-18-0627.tsx",
    "update-2025-08-18-0626.tsx",
    "update-2025-08-18-0625.tsx",
    "update-2025-08-18-0624.tsx",
    "update-2025-08-18-0623.tsx",
    "update-2025-08-18-0622.tsx",
    "update-2025-08-18-0621.tsx",
    "update-2025-08-18T09-20.tsx",
    "update-2025-08-18-0920.tsx",
    "update-2025-08-18-0619.tsx",
    "update-2025-08-18-0618.tsx",
    "update-2025-08-18-0617.tsx",
    "update-2025-08-18-0616.tsx",
    "update-2025-08-18-0615.tsx",
    "update-2025-08-18-0614.tsx",
    "update-2025-08-18-0613.tsx",
    "update-2025-08-18-0612.tsx",
    "update-2025-08-18-0611.tsx",
    "update-2025-08-18T09-10.tsx",
    "update-2025-08-18-0910.tsx",
    "update-2025-08-18-0609.tsx",
    "update-2025-08-18-0608.tsx",
    "update-2025-08-18-0607.tsx",
    "update-2025-08-18-0606.tsx",
    "update-2025-08-18-0605.tsx",
    "update-2025-08-18-0604.tsx",
    "update-2025-08-18-0603.tsx",
    "update-2025-08-18-0602.tsx",
    "update-2025-08-18-0601.tsx",
    "update-2025-08-18T09-00.tsx",
    "update-2025-08-18-0900.tsx",
    "update-2025-08-18-0559.tsx",
    "update-2025-08-18-0558.tsx",
    "update-2025-08-18-0557.tsx",
    "update-2025-08-18-0556.tsx",
    "update-2025-08-18-0555.tsx",
    "update-2025-08-18-0554.tsx",
    "update-2025-08-18-0553.tsx",
    "update-2025-08-18-0552.tsx",
    "update-2025-08-18-0551.tsx",
    "update-2025-08-18T08-50.tsx",
    "update-2025-08-18-0850.tsx",
    "update-2025-08-18-0549.tsx",
    "update-2025-08-18-0548.tsx",
    "update-2025-08-18-0547.tsx",
    "update-2025-08-18-0546.tsx",
    "update-2025-08-18-0545.tsx",
    "update-2025-08-18-0544.tsx",
    "update-2025-08-18-0543.tsx",
    "update-2025-08-18-0542.tsx",
    "update-2025-08-18-0541.tsx",
    "update-2025-08-18T08-40.tsx",
    "update-2025-08-18-0840.tsx"
  ],
  "metrics": {
    "diversityScore": 100,
    "avgLen": 2096,
    "duplicateCount": 0,
    "seoScore": 10
  },
  "guidance": [
    "Aim for varied intros, highlights, and CTAs across updates.",
    "Keep meta description and keywords present for each page.",
    "Include at least one external source highlight when available.",
    "Target 300–1000 characters per update for skim-ability."
  ]
}