{
  "generatedAt": "2025-08-17T16:50:02.096Z",
  "files": [
    "update-2025-08-17-1349.tsx",
    "update-2025-08-17-1348.tsx",
    "update-2025-08-17-1347.tsx",
    "update-2025-08-17-1346.tsx",
    "update-2025-08-17-1345.tsx",
    "update-2025-08-17-1344.tsx",
    "update-2025-08-17-1343.tsx",
    "update-2025-08-17-1342.tsx",
    "update-2025-08-17-1341.tsx",
    "update-2025-08-17T16-40.tsx",
    "update-2025-08-17-1640.tsx",
    "update-2025-08-17-1339.tsx",
    "update-2025-08-17-1338.tsx",
    "update-2025-08-17-1337.tsx",
    "update-2025-08-17-1336.tsx",
    "update-2025-08-17-1335.tsx",
    "update-2025-08-17-1334.tsx",
    "update-2025-08-17-1333.tsx",
    "update-2025-08-17-1332.tsx",
    "update-2025-08-17-1331.tsx",
    "update-2025-08-17T16-30.tsx",
    "update-2025-08-17-1630.tsx",
    "update-2025-08-17-1329.tsx",
    "update-2025-08-17-1328.tsx",
    "update-2025-08-17-1327.tsx",
    "update-2025-08-17-1326.tsx",
    "update-2025-08-17-1325.tsx",
    "update-2025-08-17-1324.tsx",
    "update-2025-08-17-1323.tsx",
    "update-2025-08-17-1322.tsx",
    "update-2025-08-17-1321.tsx",
    "update-2025-08-17T16-21.tsx",
    "update-2025-08-17-1620.tsx",
    "update-2025-08-17-1319.tsx",
    "update-2025-08-17-1318.tsx",
    "update-2025-08-17-1317.tsx",
    "update-2025-08-17-1316.tsx",
    "update-2025-08-17-1315.tsx",
    "update-2025-08-17-1314.tsx",
    "update-2025-08-17-1313.tsx",
    "update-2025-08-17-1312.tsx",
    "update-2025-08-17T16-11.tsx",
    "update-2025-08-17-1311.tsx",
    "update-2025-08-17-1610.tsx",
    "update-2025-08-17-1309.tsx",
    "update-2025-08-17-1308.tsx",
    "update-2025-08-17-1307.tsx",
    "update-2025-08-17-1306.tsx",
    "update-2025-08-17-1305.tsx",
    "update-2025-08-17-1304.tsx",
    "update-2025-08-17-1303.tsx",
    "update-2025-08-17-1302.tsx",
    "update-2025-08-17-1301.tsx",
    "update-2025-08-17T16-00.tsx",
    "update-2025-08-17-1600.tsx",
    "update-2025-08-17-1259.tsx",
    "update-2025-08-17-1258.tsx",
    "update-2025-08-17-1257.tsx",
    "update-2025-08-17-1256.tsx",
    "update-2025-08-17-1255.tsx",
    "update-2025-08-17-1254.tsx",
    "update-2025-08-17-1253.tsx",
    "update-2025-08-17-1252.tsx",
    "update-2025-08-17-1251.tsx",
    "update-2025-08-17T15-50.tsx",
    "update-2025-08-17-1550.tsx",
    "update-2025-08-17-1249.tsx",
    "update-2025-08-17-1248.tsx",
    "update-2025-08-17-1247.tsx",
    "update-2025-08-17-1246.tsx",
    "update-2025-08-17-1245.tsx",
    "update-2025-08-17-1244.tsx",
    "update-2025-08-17-1243.tsx",
    "update-2025-08-17-1242.tsx",
    "update-2025-08-17-1241.tsx",
    "update-2025-08-17T15-40.tsx",
    "update-2025-08-17-1540.tsx",
    "update-2025-08-17-1239.tsx",
    "update-2025-08-17-1238.tsx",
    "update-2025-08-17-1237.tsx",
    "update-2025-08-17-1236.tsx",
    "update-2025-08-17-1235.tsx",
    "update-2025-08-17-1234.tsx",
    "update-2025-08-17-1233.tsx",
    "update-2025-08-17-1232.tsx",
    "update-2025-08-17-1231.tsx",
    "update-2025-08-17T15-30.tsx",
    "update-2025-08-17-1530.tsx",
    "update-2025-08-17-1229.tsx",
    "update-2025-08-17-1228.tsx",
    "update-2025-08-17-1227.tsx",
    "update-2025-08-17-1226.tsx",
    "update-2025-08-17-1225.tsx",
    "update-2025-08-17-1224.tsx",
    "update-2025-08-17-1223.tsx",
    "update-2025-08-17-1222.tsx",
    "update-2025-08-17-1221.tsx",
    "update-2025-08-17T15-20.tsx",
    "update-2025-08-17-1520.tsx",
    "update-2025-08-17-1219.tsx"
  ],
  "metrics": {
    "diversityScore": 100,
    "avgLen": 2103,
    "duplicateCount": 0,
    "seoScore": 9
  },
  "guidance": [
    "Aim for varied intros, highlights, and CTAs across updates.",
    "Keep meta description and keywords present for each page.",
    "Include at least one external source highlight when available.",
    "Target 300–1000 characters per update for skim-ability."
  ]
}