{
  "generatedAt": "2025-08-15T13:31:01.327Z",
  "files": [
    "update-2025-08-15-1031.tsx",
    "update-2025-08-15T13-30.tsx",
    "update-2025-08-15-1330.tsx",
    "update-2025-08-15-1030.tsx",
    "update-2025-08-15-1029.tsx",
    "update-2025-08-15-1028.tsx",
    "update-2025-08-15-1027.tsx",
    "update-2025-08-15-1025.tsx",
    "update-2025-08-15-1024.tsx",
    "update-2025-08-15-1023.tsx",
    "update-2025-08-15T13-22.tsx",
    "update-2025-08-15-1322.tsx",
    "update-2025-08-15-1022.tsx",
    "update-2025-08-15-1020.tsx",
    "update-2025-08-15-1019.tsx",
    "update-2025-08-15-1018.tsx",
    "update-2025-08-15-1017.tsx",
    "update-2025-08-15-1016.tsx",
    "update-2025-08-15-1015.tsx",
    "update-2025-08-15-1014.tsx",
    "update-2025-08-15-1013.tsx",
    "update-2025-08-15-1012.tsx",
    "update-2025-08-15-1011.tsx",
    "update-2025-08-15T13-10.tsx",
    "update-2025-08-15-1310.tsx",
    "update-2025-08-15-1010.tsx",
    "update-2025-08-15-1009.tsx",
    "update-2025-08-15-1008.tsx",
    "update-2025-08-15-1007.tsx",
    "update-2025-08-15-1006.tsx",
    "update-2025-08-15-1005.tsx",
    "update-2025-08-15-1004.tsx",
    "update-2025-08-15-1003.tsx",
    "update-2025-08-15-1002.tsx",
    "update-2025-08-15-1001.tsx",
    "update-2025-08-15T13-00.tsx",
    "update-2025-08-15-1300.tsx",
    "update-2025-08-15-1000.tsx",
    "update-2025-08-15-0959.tsx",
    "update-2025-08-15-0958.tsx",
    "update-2025-08-15-0957.tsx",
    "update-2025-08-15-0956.tsx",
    "update-2025-08-15-0955.tsx",
    "update-2025-08-15-0954.tsx",
    "update-2025-08-15-0953.tsx",
    "update-2025-08-15-0952.tsx",
    "update-2025-08-15-0951.tsx",
    "update-2025-08-15T12-50.tsx",
    "update-2025-08-15-1250.tsx",
    "update-2025-08-15-0949.tsx",
    "update-2025-08-15-0948.tsx",
    "update-2025-08-15T12-42.tsx",
    "update-2025-08-15T12-41.tsx",
    "update-2025-08-15T12-40.tsx",
    "update-2025-08-15-1242.tsx",
    "update-2025-08-15-1240.tsx",
    "update-2025-08-15-0945.tsx",
    "update-2025-08-15-0944.tsx",
    "update-2025-08-15-0943.tsx",
    "update-2025-08-15-0942.tsx",
    "update-2025-08-15-0941.tsx",
    "update-2025-08-15-0947.tsx",
    "update-2025-08-15-0940.tsx",
    "update-2025-08-15T12-30.tsx",
    "update-2025-08-15-1230.tsx",
    "update-2025-08-15-0938.tsx",
    "update-2025-08-15-0937.tsx",
    "update-2025-08-15-0936.tsx",
    "update-2025-08-15-0935.tsx",
    "update-2025-08-15-0934.tsx",
    "update-2025-08-15-0933.tsx",
    "update-2025-08-15-0932.tsx",
    "update-2025-08-15-0931.tsx",
    "update-2025-08-15-0930.tsx",
    "update-2025-08-15-0929.tsx",
    "update-2025-08-15-0928.tsx",
    "update-2025-08-15-0927.tsx",
    "update-2025-08-15-0926.tsx",
    "update-2025-08-15-0925.tsx",
    "update-2025-08-15-0924.tsx",
    "update-2025-08-15-0923.tsx",
    "update-2025-08-15-0921.tsx",
    "update-2025-08-15T12-20.tsx",
    "update-2025-08-15-1220.tsx",
    "update-2025-08-15-0920.tsx",
    "update-2025-08-15-0919.tsx",
    "update-2025-08-15-0918.tsx",
    "update-2025-08-15-0917.tsx",
    "update-2025-08-15T10-34.tsx",
    "update-2025-08-15-0916.tsx",
    "update-2025-08-15T11-07.tsx",
    "update-2025-08-15T11-19.tsx",
    "update-2025-08-15-0903.tsx",
    "update-2025-08-15-0915.tsx",
    "update-2025-08-15-0914.tsx",
    "update-2025-08-15T12-09.tsx",
    "update-2025-08-15-1209.tsx",
    "update-2025-08-15-1119.tsx",
    "update-2025-08-15-1107.tsx",
    "update-2025-08-15-1034.tsx"
  ],
  "metrics": {
    "diversityScore": 100,
    "avgLen": 2065,
    "duplicateCount": 0,
    "seoScore": 13
  },
  "guidance": [
    "Aim for varied intros, highlights, and CTAs across updates.",
    "Keep meta description and keywords present for each page.",
    "Include at least one external source highlight when available.",
    "Target 300–1000 characters per update for skim-ability."
  ]
}