{
  "generatedAt": "2025-08-18T11:20:01.614Z",
  "files": [
    "update-2025-08-18T11-19.tsx",
    "update-2025-08-18-1119.tsx",
    "update-2025-08-18-0819.tsx",
    "update-2025-08-18-0818.tsx",
    "update-2025-08-18T11-18.tsx",
    "update-2025-08-18-1117.tsx",
    "update-2025-08-18-0817.tsx",
    "update-2025-08-18-0816.tsx",
    "update-2025-08-18T11-15.tsx",
    "update-2025-08-18-0815.tsx",
    "update-2025-08-18-1115.tsx",
    "update-2025-08-18-0814.tsx",
    "update-2025-08-18T11-13.tsx",
    "update-2025-08-18-1113.tsx",
    "update-2025-08-18-0813.tsx",
    "update-2025-08-18T11-12.tsx",
    "update-2025-08-18-1112.tsx",
    "update-2025-08-18-0812.tsx",
    "update-2025-08-18T11-11.tsx",
    "update-2025-08-18-1111.tsx",
    "update-2025-08-18-0811.tsx",
    "update-2025-08-18T11-10.tsx",
    "update-2025-08-18-1110.tsx",
    "update-2025-08-18T11-09.tsx",
    "update-2025-08-18-1109.tsx",
    "update-2025-08-18-0809.tsx",
    "update-2025-08-18T11-08.tsx",
    "update-2025-08-18-1108.tsx",
    "update-2025-08-18-0808.tsx",
    "update-2025-08-18T11-07.tsx",
    "update-2025-08-18-1107.tsx",
    "update-2025-08-18-0807.tsx",
    "update-2025-08-18T11-06.tsx",
    "update-2025-08-18-0806.tsx",
    "update-2025-08-18-1106.tsx",
    "update-2025-08-18T11-05.tsx",
    "update-2025-08-18-1105.tsx",
    "update-2025-08-18-0805.tsx",
    "update-2025-08-18T11-04.tsx",
    "update-2025-08-18-1104.tsx",
    "update-2025-08-18-0804.tsx",
    "update-2025-08-18T11-03.tsx",
    "update-2025-08-18-1103.tsx",
    "update-2025-08-18-0803.tsx",
    "update-2025-08-18T11-02.tsx",
    "update-2025-08-18-1102.tsx",
    "update-2025-08-18-0802.tsx",
    "update-2025-08-18-0801.tsx",
    "update-2025-08-18T11-00.tsx",
    "update-2025-08-18-1100.tsx",
    "update-2025-08-18-0759.tsx",
    "update-2025-08-18T10-58.tsx",
    "update-2025-08-18-1058.tsx",
    "update-2025-08-18-0758.tsx",
    "update-2025-08-18T10-56.tsx",
    "update-2025-08-18-1056.tsx",
    "update-2025-08-18-0756.tsx",
    "update-2025-08-18T10-55.tsx",
    "update-2025-08-18-1055.tsx",
    "update-2025-08-18-0755.tsx",
    "update-2025-08-18-0744.tsx",
    "update-2025-08-18-0743.tsx",
    "update-2025-08-18-0742.tsx",
    "update-2025-08-18T10-41.tsx",
    "update-2025-08-18-1041.tsx",
    "update-2025-08-18-0741.tsx",
    "update-2025-08-18-0723.tsx",
    "update-2025-08-18-0722.tsx",
    "update-2025-08-18-0721.tsx",
    "update-2025-08-18T10-20.tsx",
    "update-2025-08-18-1020.tsx",
    "update-2025-08-18-0720.tsx",
    "update-2025-08-18-0719.tsx",
    "update-2025-08-18-0718.tsx",
    "update-2025-08-18-0717.tsx",
    "update-2025-08-18-0716.tsx",
    "update-2025-08-18-0715.tsx",
    "update-2025-08-18-0714.tsx",
    "update-2025-08-18-0712.tsx",
    "update-2025-08-18-0711.tsx",
    "update-2025-08-18T10-10.tsx",
    "update-2025-08-18-1010.tsx",
    "update-2025-08-18-0709.tsx",
    "update-2025-08-18-0708.tsx",
    "update-2025-08-18-0707.tsx",
    "update-2025-08-18-0706.tsx",
    "update-2025-08-18-0705.tsx",
    "update-2025-08-18-0704.tsx",
    "update-2025-08-18-0703.tsx",
    "update-2025-08-18-0702.tsx",
    "update-2025-08-18-0701.tsx",
    "update-2025-08-18T10-00.tsx",
    "update-2025-08-18-1000.tsx",
    "update-2025-08-18-0659.tsx",
    "update-2025-08-18-0658.tsx",
    "update-2025-08-18-0657.tsx",
    "update-2025-08-18-0656.tsx",
    "update-2025-08-18-0654.tsx",
    "update-2025-08-18-0653.tsx",
    "update-2025-08-18-0652.tsx"
  ],
  "metrics": {
    "diversityScore": 100,
    "avgLen": 1981,
    "duplicateCount": 0,
    "seoScore": 23
  },
  "guidance": [
    "Aim for varied intros, highlights, and CTAs across updates.",
    "Keep meta description and keywords present for each page.",
    "Include at least one external source highlight when available.",
    "Target 300–1000 characters per update for skim-ability."
  ]
}