{
  "generatedAt": "2025-08-15T04:09:00.678Z",
  "files": [
    "update-2025-08-15-0109.tsx",
    "update-2025-08-15-0108.tsx",
    "update-2025-08-15-0107.tsx",
    "update-2025-08-15-0106.tsx",
    "update-2025-08-15-0105.tsx",
    "update-2025-08-15-0104.tsx",
    "update-2025-08-15-0103.tsx",
    "update-2025-08-15-0102.tsx",
    "update-2025-08-15-0101.tsx",
    "update-2025-08-15-0100.tsx",
    "update-2025-08-15T04-00.tsx",
    "update-2025-08-15-0400.tsx",
    "update-2025-08-15-0059.tsx",
    "update-2025-08-15-0058.tsx",
    "update-2025-08-15-0057.tsx",
    "update-2025-08-15-0056.tsx",
    "update-2025-08-15-0055.tsx",
    "update-2025-08-15-0054.tsx",
    "update-2025-08-15-0053.tsx",
    "update-2025-08-15-0052.tsx",
    "update-2025-08-15-0051.tsx",
    "update-2025-08-15-0017.tsx",
    "update-2025-08-15-0016.tsx",
    "update-2025-08-15-0015.tsx",
    "update-2025-08-15-0014.tsx",
    "update-2025-08-15-0013.tsx",
    "update-2025-08-15-0012.tsx",
    "update-2025-08-15-0011.tsx",
    "update-2025-08-15T03-10.tsx",
    "update-2025-08-15-0310.tsx",
    "update-2025-08-15-0010.tsx",
    "update-2025-08-15-0009.tsx",
    "update-2025-08-15-0008.tsx",
    "update-2025-08-15-0007.tsx",
    "update-2025-08-15-0006.tsx",
    "update-2025-08-15-0005.tsx",
    "update-2025-08-15-0004.tsx",
    "update-2025-08-15-0003.tsx",
    "update-2025-08-15-0002.tsx",
    "update-2025-08-15-0001.tsx",
    "update-2025-08-15T03-00.tsx",
    "update-2025-08-15-0300.tsx",
    "update-2025-08-15-0000.tsx",
    "update-2025-08-14-2359.tsx",
    "update-2025-08-14-2358.tsx",
    "update-2025-08-14-2357.tsx",
    "update-2025-08-14-2356.tsx",
    "update-2025-08-14-2355.tsx",
    "update-2025-08-14-2354.tsx",
    "update-2025-08-14-2353.tsx",
    "update-2025-08-14-2352.tsx",
    "update-2025-08-14-2351.tsx",
    "update-2025-08-14-2350.tsx",
    "update-2025-08-15T02-50.tsx",
    "update-2025-08-15-0250.tsx",
    "update-2025-08-14-2349.tsx",
    "update-2025-08-14-2348.tsx",
    "update-2025-08-14-2347.tsx",
    "update-2025-08-14-2346.tsx",
    "update-2025-08-14-2345.tsx",
    "update-2025-08-14-2344.tsx",
    "update-2025-08-14-2343.tsx",
    "update-2025-08-14-2342.tsx",
    "update-2025-08-14-2341.tsx",
    "update-2025-08-14-2340.tsx",
    "update-2025-08-15T02-40.tsx",
    "update-2025-08-15-0240.tsx",
    "update-2025-08-14-2339.tsx",
    "update-2025-08-14-2338.tsx",
    "update-2025-08-14-2337.tsx",
    "update-2025-08-14-2336.tsx",
    "update-2025-08-14-2335.tsx",
    "update-2025-08-14-2334.tsx",
    "update-2025-08-14-2333.tsx",
    "update-2025-08-14-2332.tsx",
    "update-2025-08-14-2331.tsx",
    "update-2025-08-14-2330.tsx",
    "update-2025-08-15T02-30.tsx",
    "update-2025-08-15-0230.tsx",
    "update-2025-08-14-2329.tsx",
    "update-2025-08-14-2328.tsx",
    "update-2025-08-14-2327.tsx",
    "update-2025-08-14-2326.tsx",
    "update-2025-08-14-2325.tsx",
    "update-2025-08-14-2324.tsx",
    "update-2025-08-14-2323.tsx",
    "update-2025-08-14-2322.tsx",
    "update-2025-08-14-2321.tsx",
    "update-2025-08-15T02-20.tsx",
    "update-2025-08-15-0220.tsx",
    "update-2025-08-14-2320.tsx",
    "update-2025-08-14-2318.tsx",
    "update-2025-08-15-0218.tsx",
    "update-2025-08-14-2319.tsx",
    "update-2025-08-15T02-19.tsx",
    "update-2025-08-15-0219.tsx",
    "update-2025-08-15T02-18.tsx",
    "update-2025-08-14-2317.tsx",
    "update-2025-08-14-2316.tsx",
    "update-2025-08-15T02-16.tsx"
  ],
  "metrics": {
    "diversityScore": 100,
    "avgLen": 2101,
    "duplicateCount": 0,
    "seoScore": 9
  },
  "guidance": [
    "Aim for varied intros, highlights, and CTAs across updates.",
    "Keep meta description and keywords present for each page.",
    "Include at least one external source highlight when available.",
    "Target 300–1000 characters per update for skim-ability."
  ]
}