{
  "generatedAt": "2025-08-18T05:12:01.474Z",
  "files": [
    "update-2025-08-18-0212.tsx",
    "update-2025-08-18-0210.tsx",
    "update-2025-08-18-0209.tsx",
    "update-2025-08-18-0208.tsx",
    "update-2025-08-18-0207.tsx",
    "update-2025-08-18-0206.tsx",
    "update-2025-08-18-0205.tsx",
    "update-2025-08-18-0203.tsx",
    "update-2025-08-18-0159.tsx",
    "update-2025-08-18-0153.tsx",
    "update-2025-08-18-0149.tsx",
    "update-2025-08-18-0142.tsx",
    "update-2025-08-18-0139.tsx",
    "update-2025-08-18-0117.tsx",
    "update-2025-08-18-0110.tsx",
    "update-2025-08-18-0102.tsx",
    "update-2025-08-18-0059.tsx",
    "update-2025-08-18-0058.tsx",
    "update-2025-08-18-0020.tsx",
    "update-2025-08-18T03-11.tsx",
    "update-2025-08-18-0011.tsx",
    "update-2025-08-18-0310.tsx",
    "update-2025-08-18-0006.tsx",
    "update-2025-08-18-0005.tsx",
    "update-2025-08-17-1807.tsx",
    "update-2025-08-17-1806.tsx",
    "update-2025-08-17-1805.tsx",
    "update-2025-08-17-1804.tsx",
    "update-2025-08-17-1803.tsx",
    "update-2025-08-17-1802.tsx",
    "update-2025-08-17T21-01.tsx",
    "update-2025-08-17-1801.tsx",
    "update-2025-08-17-2100.tsx",
    "update-2025-08-17-1800.tsx",
    "update-2025-08-17-1759.tsx",
    "update-2025-08-17-1758.tsx",
    "update-2025-08-17-1757.tsx",
    "update-2025-08-17-1756.tsx",
    "update-2025-08-17-1755.tsx",
    "update-2025-08-17-1754.tsx",
    "update-2025-08-17-1753.tsx",
    "update-2025-08-17-1752.tsx",
    "update-2025-08-17T20-51.tsx",
    "update-2025-08-17-1751.tsx",
    "update-2025-08-17-2050.tsx",
    "update-2025-08-17-1749.tsx",
    "update-2025-08-17-1748.tsx",
    "update-2025-08-17-1747.tsx",
    "update-2025-08-17-1746.tsx",
    "update-2025-08-17-1745.tsx",
    "update-2025-08-17-1744.tsx",
    "update-2025-08-17-1743.tsx",
    "update-2025-08-17-1742.tsx",
    "update-2025-08-17-1741.tsx",
    "update-2025-08-17T20-41.tsx",
    "update-2025-08-17-2040.tsx",
    "update-2025-08-17-1739.tsx",
    "update-2025-08-17-1738.tsx",
    "update-2025-08-17-1737.tsx",
    "update-2025-08-17-1736.tsx",
    "update-2025-08-17-1735.tsx",
    "update-2025-08-17-1734.tsx",
    "update-2025-08-17-1733.tsx",
    "update-2025-08-17-1732.tsx",
    "update-2025-08-17T20-31.tsx",
    "update-2025-08-17-1731.tsx",
    "update-2025-08-17-2030.tsx",
    "update-2025-08-17-1729.tsx",
    "update-2025-08-17-1728.tsx",
    "update-2025-08-17-1727.tsx",
    "update-2025-08-17-1726.tsx",
    "update-2025-08-17-1725.tsx",
    "update-2025-08-17-1724.tsx",
    "update-2025-08-17-1723.tsx",
    "update-2025-08-17-1722.tsx",
    "update-2025-08-17-1721.tsx",
    "update-2025-08-17T20-21.tsx",
    "update-2025-08-17-2020.tsx",
    "update-2025-08-17-1719.tsx",
    "update-2025-08-17-1718.tsx",
    "update-2025-08-17-1717.tsx",
    "update-2025-08-17-1716.tsx",
    "update-2025-08-17-1715.tsx",
    "update-2025-08-17-1714.tsx",
    "update-2025-08-17-1713.tsx",
    "update-2025-08-17-1712.tsx",
    "update-2025-08-17T20-11.tsx",
    "update-2025-08-17-1711.tsx",
    "update-2025-08-17-2010.tsx",
    "update-2025-08-17-1709.tsx",
    "update-2025-08-17-1708.tsx",
    "update-2025-08-17-1707.tsx",
    "update-2025-08-17-1706.tsx",
    "update-2025-08-17-1705.tsx",
    "update-2025-08-17-1704.tsx",
    "update-2025-08-17-1703.tsx",
    "update-2025-08-17-1702.tsx",
    "update-2025-08-17-1701.tsx",
    "update-2025-08-17T20-01.tsx",
    "update-2025-08-17-2000.tsx"
  ],
  "metrics": {
    "diversityScore": 100,
    "avgLen": 2109,
    "duplicateCount": 0,
    "seoScore": 8
  },
  "guidance": [
    "Aim for varied intros, highlights, and CTAs across updates.",
    "Keep meta description and keywords present for each page.",
    "Include at least one external source highlight when available.",
    "Target 300–1000 characters per update for skim-ability."
  ]
}