{
  "generatedAt": "2025-08-18T16:24:00.771Z",
  "files": [
    "update-2025-08-18T16-22.tsx",
    "update-2025-08-18-1622.tsx",
    "update-2025-08-18T16-20.tsx",
    "update-2025-08-18-1620.tsx",
    "update-2025-08-18T16-19.tsx",
    "update-2025-08-18-1619.tsx",
    "update-2025-08-18T16-18.tsx",
    "update-2025-08-18-1618.tsx",
    "update-2025-08-18T16-15.tsx",
    "update-2025-08-18-1615.tsx",
    "update-2025-08-18T16-14.tsx",
    "update-2025-08-18-1614.tsx",
    "update-2025-08-18T16-13.tsx",
    "update-2025-08-18-1613.tsx",
    "update-2025-08-18-1313.tsx",
    "update-2025-08-18T16-12.tsx",
    "update-2025-08-18-1612.tsx",
    "update-2025-08-18-1312.tsx",
    "update-2025-08-18-1311.tsx",
    "update-2025-08-18T16-10.tsx",
    "update-2025-08-18-1610.tsx",
    "update-2025-08-18-1310.tsx",
    "update-2025-08-18T16-09.tsx",
    "update-2025-08-18-1609.tsx",
    "update-2025-08-18T16-08.tsx",
    "update-2025-08-18-1608.tsx",
    "update-2025-08-18T16-07.tsx",
    "update-2025-08-18-1607.tsx",
    "update-2025-08-18-1307.tsx",
    "update-2025-08-18T16-05.tsx",
    "update-2025-08-18-1605.tsx",
    "update-2025-08-18-1305.tsx",
    "update-2025-08-18T16-04.tsx",
    "update-2025-08-18-1604.tsx",
    "update-2025-08-18-1304.tsx",
    "update-2025-08-18T16-03.tsx",
    "update-2025-08-18-1603.tsx",
    "update-2025-08-18-1303.tsx",
    "update-2025-08-18T16-02.tsx",
    "update-2025-08-18-1602.tsx",
    "update-2025-08-18-1302.tsx",
    "update-2025-08-18T16-01.tsx",
    "update-2025-08-18-1601.tsx",
    "update-2025-08-18-1301.tsx",
    "update-2025-08-18T16-00.tsx",
    "update-2025-08-18-1600.tsx",
    "update-2025-08-18-1300.tsx",
    "update-2025-08-18T15-59.tsx",
    "update-2025-08-18-1559.tsx",
    "update-2025-08-18-1259.tsx",
    "update-2025-08-18T15-58.tsx",
    "update-2025-08-18-1558.tsx",
    "update-2025-08-18-1258.tsx",
    "update-2025-08-18-1256.tsx",
    "update-2025-08-18T15-55.tsx",
    "update-2025-08-18-1555.tsx",
    "update-2025-08-18-1255.tsx",
    "update-2025-08-18T15-54.tsx",
    "update-2025-08-18-1554.tsx",
    "update-2025-08-18-1254.tsx",
    "update-2025-08-18T15-53.tsx",
    "update-2025-08-18-1553.tsx",
    "update-2025-08-18-1253.tsx",
    "update-2025-08-18T15-52.tsx",
    "update-2025-08-18-1552.tsx",
    "update-2025-08-18-1252.tsx",
    "update-2025-08-18T15-51.tsx",
    "update-2025-08-18-1551.tsx",
    "update-2025-08-18-1251.tsx",
    "update-2025-08-18T15-50.tsx",
    "update-2025-08-18-1243.tsx",
    "update-2025-08-18-1550.tsx",
    "update-2025-08-18-1250.tsx",
    "update-2025-08-18T15-49.tsx",
    "update-2025-08-18-1249.tsx",
    "update-2025-08-18-1549.tsx",
    "update-2025-08-18T15-48.tsx",
    "update-2025-08-18-1548.tsx",
    "update-2025-08-18-1248.tsx",
    "update-2025-08-18-1247.tsx",
    "update-2025-08-18-1246.tsx",
    "update-2025-08-18T15-45.tsx",
    "update-2025-08-18-1545.tsx",
    "update-2025-08-18-1245.tsx",
    "update-2025-08-18T15-44.tsx",
    "update-2025-08-18-1544.tsx",
    "update-2025-08-18-1244.tsx",
    "update-2025-08-18T15-43.tsx",
    "update-2025-08-18-1543.tsx",
    "update-2025-08-18T15-42.tsx",
    "update-2025-08-18-1542.tsx",
    "update-2025-08-18T15-41.tsx",
    "update-2025-08-18-1541.tsx",
    "update-2025-08-18T15-40.tsx",
    "update-2025-08-18-1540.tsx",
    "update-2025-08-18T15-39.tsx",
    "update-2025-08-18-1539.tsx",
    "update-2025-08-18T15-38.tsx",
    "update-2025-08-18-1538.tsx",
    "update-2025-08-18T15-37.tsx"
  ],
  "metrics": {
    "diversityScore": 100,
    "avgLen": 1854,
    "duplicateCount": 0,
    "seoScore": 36
  },
  "guidance": [
    "Aim for varied intros, highlights, and CTAs across updates.",
    "Keep meta description and keywords present for each page.",
    "Include at least one external source highlight when available.",
    "Target 300–1000 characters per update for skim-ability."
  ]
}