{
  "generatedAt": "2025-08-17T10:36:01.411Z",
  "files": [
    "update-2025-08-17-0736.tsx",
    "update-2025-08-17-0735.tsx",
    "update-2025-08-17-0734.tsx",
    "update-2025-08-17-0733.tsx",
    "update-2025-08-17-0732.tsx",
    "update-2025-08-17-0731.tsx",
    "update-2025-08-17T10-30.tsx",
    "update-2025-08-17-1030.tsx",
    "update-2025-08-17-0729.tsx",
    "update-2025-08-17-0728.tsx",
    "update-2025-08-17-0727.tsx",
    "update-2025-08-17-0726.tsx",
    "update-2025-08-17-0725.tsx",
    "update-2025-08-17-0724.tsx",
    "update-2025-08-17-0723.tsx",
    "update-2025-08-17-0722.tsx",
    "update-2025-08-17-0721.tsx",
    "update-2025-08-17T10-20.tsx",
    "update-2025-08-17-1020.tsx",
    "update-2025-08-17-0719.tsx",
    "update-2025-08-17-0718.tsx",
    "update-2025-08-17-0717.tsx",
    "update-2025-08-17-0716.tsx",
    "update-2025-08-17-0715.tsx",
    "update-2025-08-17-0714.tsx",
    "update-2025-08-17-0713.tsx",
    "update-2025-08-17-0712.tsx",
    "update-2025-08-17-0711.tsx",
    "update-2025-08-17T10-10.tsx",
    "update-2025-08-17-1010.tsx",
    "update-2025-08-17-0709.tsx",
    "update-2025-08-17-0708.tsx",
    "update-2025-08-17-0707.tsx",
    "update-2025-08-17-0706.tsx",
    "update-2025-08-17-0705.tsx",
    "update-2025-08-17-0704.tsx",
    "update-2025-08-17-0703.tsx",
    "update-2025-08-17-0702.tsx",
    "update-2025-08-17-0701.tsx",
    "update-2025-08-17T10-00.tsx",
    "update-2025-08-17-1000.tsx",
    "update-2025-08-17-0659.tsx",
    "update-2025-08-17-0658.tsx",
    "update-2025-08-17-0657.tsx",
    "update-2025-08-17-0656.tsx",
    "update-2025-08-17-0655.tsx",
    "update-2025-08-17-0654.tsx",
    "update-2025-08-17-0653.tsx",
    "update-2025-08-17-0652.tsx",
    "update-2025-08-17-0651.tsx",
    "update-2025-08-17T09-50.tsx",
    "update-2025-08-17-0950.tsx",
    "update-2025-08-17-0649.tsx",
    "update-2025-08-17-0648.tsx",
    "update-2025-08-17-0647.tsx",
    "update-2025-08-17-0646.tsx",
    "update-2025-08-17-0645.tsx",
    "update-2025-08-17-0644.tsx",
    "update-2025-08-17-0643.tsx",
    "update-2025-08-17-0642.tsx",
    "update-2025-08-17-0641.tsx",
    "update-2025-08-17T09-40.tsx",
    "update-2025-08-17-0940.tsx",
    "update-2025-08-17-0639.tsx",
    "update-2025-08-17-0638.tsx",
    "update-2025-08-17-0637.tsx",
    "update-2025-08-17-0636.tsx",
    "update-2025-08-17-0635.tsx",
    "update-2025-08-17-0634.tsx",
    "update-2025-08-17-0633.tsx",
    "update-2025-08-17-0632.tsx",
    "update-2025-08-17-0631.tsx",
    "update-2025-08-17T09-30.tsx",
    "update-2025-08-17-0930.tsx",
    "update-2025-08-17-0629.tsx",
    "update-2025-08-17-0628.tsx",
    "update-2025-08-17-0627.tsx",
    "update-2025-08-17-0626.tsx",
    "update-2025-08-17-0625.tsx",
    "update-2025-08-17-0624.tsx",
    "update-2025-08-17-0623.tsx",
    "update-2025-08-17-0622.tsx",
    "update-2025-08-17-0621.tsx",
    "update-2025-08-17T09-20.tsx",
    "update-2025-08-17-0920.tsx",
    "update-2025-08-17-0619.tsx",
    "update-2025-08-17-0618.tsx",
    "update-2025-08-17-0617.tsx",
    "update-2025-08-17-0616.tsx",
    "update-2025-08-17-0615.tsx",
    "update-2025-08-17-0614.tsx",
    "update-2025-08-17-0613.tsx",
    "update-2025-08-17-0612.tsx",
    "update-2025-08-17-0611.tsx",
    "update-2025-08-17T09-10.tsx",
    "update-2025-08-17-0910.tsx",
    "update-2025-08-17-0609.tsx",
    "update-2025-08-17-0608.tsx",
    "update-2025-08-17-0607.tsx",
    "update-2025-08-17-0606.tsx"
  ],
  "metrics": {
    "diversityScore": 100,
    "avgLen": 2099,
    "duplicateCount": 0,
    "seoScore": 9
  },
  "guidance": [
    "Aim for varied intros, highlights, and CTAs across updates.",
    "Keep meta description and keywords present for each page.",
    "Include at least one external source highlight when available.",
    "Target 300–1000 characters per update for skim-ability."
  ]
}