{
  "generatedAt": "2025-08-18T14:10:59.427Z",
  "files": [
    "update-2025-08-18T14-10.tsx",
    "update-2025-08-18-1110.tsx",
    "update-2025-08-18-1410.tsx",
    "update-2025-08-18T14-09.tsx",
    "update-2025-08-18-1409.tsx",
    "update-2025-08-18-1109.tsx",
    "update-2025-08-18T14-08.tsx",
    "update-2025-08-18-1408.tsx",
    "update-2025-08-18-1108.tsx",
    "update-2025-08-18T14-07.tsx",
    "update-2025-08-18-1407.tsx",
    "update-2025-08-18-1107.tsx",
    "update-2025-08-18T14-06.tsx",
    "update-2025-08-18-1406.tsx",
    "update-2025-08-18-1106.tsx",
    "update-2025-08-18T14-05.tsx",
    "update-2025-08-18-1405.tsx",
    "update-2025-08-18-1105.tsx",
    "update-2025-08-18T14-04.tsx",
    "update-2025-08-18-1404.tsx",
    "update-2025-08-18-1104.tsx",
    "update-2025-08-18T14-03.tsx",
    "update-2025-08-18-1403.tsx",
    "update-2025-08-18-1103.tsx",
    "update-2025-08-18-1102.tsx",
    "update-2025-08-18T14-01.tsx",
    "update-2025-08-18-1401.tsx",
    "update-2025-08-18-1101.tsx",
    "update-2025-08-18-1056.tsx",
    "update-2025-08-18T14-00.tsx",
    "update-2025-08-18-1400.tsx",
    "update-2025-08-18-1100.tsx",
    "update-2025-08-18T13-59.tsx",
    "update-2025-08-18-1359.tsx",
    "update-2025-08-18-1059.tsx",
    "update-2025-08-18T13-58.tsx",
    "update-2025-08-18-1358.tsx",
    "update-2025-08-18-1058.tsx",
    "update-2025-08-18T13-57.tsx",
    "update-2025-08-18-1357.tsx",
    "update-2025-08-18-1057.tsx",
    "update-2025-08-18T13-56.tsx",
    "update-2025-08-18-1356.tsx",
    "update-2025-08-18T13-55.tsx",
    "update-2025-08-18-1355.tsx",
    "update-2025-08-18-1055.tsx",
    "update-2025-08-18T13-54.tsx",
    "update-2025-08-18-1354.tsx",
    "update-2025-08-18-1054.tsx",
    "update-2025-08-18T13-53.tsx",
    "update-2025-08-18-1353.tsx",
    "update-2025-08-18-1053.tsx",
    "update-2025-08-18T13-52.tsx",
    "update-2025-08-18-1352.tsx",
    "update-2025-08-18-1052.tsx",
    "update-2025-08-18T13-51.tsx",
    "update-2025-08-18-1351.tsx",
    "update-2025-08-18-1051.tsx",
    "update-2025-08-18T13-50.tsx",
    "update-2025-08-18-1350.tsx",
    "update-2025-08-18-1050.tsx",
    "update-2025-08-18T13-49.tsx",
    "update-2025-08-18-1047.tsx",
    "update-2025-08-18-1349.tsx",
    "update-2025-08-18-1049.tsx",
    "update-2025-08-18T13-48.tsx",
    "update-2025-08-18-1048.tsx",
    "update-2025-08-18-1348.tsx",
    "update-2025-08-18T13-47.tsx",
    "update-2025-08-18-1347.tsx",
    "update-2025-08-18T13-46.tsx",
    "update-2025-08-18-1346.tsx",
    "update-2025-08-18-1046.tsx",
    "update-2025-08-18T13-45.tsx",
    "update-2025-08-18-1345.tsx",
    "update-2025-08-18-1045.tsx",
    "update-2025-08-18T13-44.tsx",
    "update-2025-08-18-1044.tsx",
    "update-2025-08-18-1344.tsx",
    "update-2025-08-18T13-43.tsx",
    "update-2025-08-18-1343.tsx",
    "update-2025-08-18-1043.tsx",
    "update-2025-08-18T13-42.tsx",
    "update-2025-08-18-1342.tsx",
    "update-2025-08-18-1042.tsx",
    "update-2025-08-18T13-41.tsx",
    "update-2025-08-18-1341.tsx",
    "update-2025-08-18-1041.tsx",
    "update-2025-08-18T13-40.tsx",
    "update-2025-08-18-1340.tsx",
    "update-2025-08-18-1040.tsx",
    "update-2025-08-18T13-39.tsx",
    "update-2025-08-18-1339.tsx",
    "update-2025-08-18-1039.tsx",
    "update-2025-08-18T13-38.tsx",
    "update-2025-08-18-1338.tsx",
    "update-2025-08-18-1038.tsx",
    "update-2025-08-18T13-37.tsx",
    "update-2025-08-18-1337.tsx",
    "update-2025-08-18-1037.tsx"
  ],
  "metrics": {
    "diversityScore": 100,
    "avgLen": 1885,
    "duplicateCount": 0,
    "seoScore": 33
  },
  "guidance": [
    "Aim for varied intros, highlights, and CTAs across updates.",
    "Keep meta description and keywords present for each page.",
    "Include at least one external source highlight when available.",
    "Target 300–1000 characters per update for skim-ability."
  ]
}