{
  "generatedAt": "2025-08-15T08:02:45.226Z",
  "files": [
    "update-2025-08-15-0802.tsx",
    "update-2025-08-15-0502.tsx",
    "update-2025-08-15T08-01.tsx",
    "update-2025-08-15-0801.tsx",
    "update-2025-08-15-0501.tsx",
    "update-2025-08-15T08-00.tsx",
    "update-2025-08-15-0800.tsx",
    "update-2025-08-15T07-59.tsx",
    "update-2025-08-15-0759.tsx",
    "update-2025-08-15-0459.tsx",
    "update-2025-08-15T07-56.tsx",
    "update-2025-08-15-0756.tsx",
    "update-2025-08-15-0451.tsx",
    "update-2025-08-15-0449.tsx",
    "update-2025-08-15T07-48.tsx",
    "update-2025-08-15-0448.tsx",
    "update-2025-08-15-0447.tsx",
    "update-2025-08-15T07-47.tsx",
    "update-2025-08-15-0747.tsx",
    "update-2025-08-15T07-46.tsx",
    "update-2025-08-15-0746.tsx",
    "update-2025-08-15-0446.tsx",
    "update-2025-08-15T07-44.tsx",
    "update-2025-08-15-0744.tsx",
    "update-2025-08-15-0444.tsx",
    "update-2025-08-15T07-43.tsx",
    "update-2025-08-15-0743.tsx",
    "update-2025-08-15-0443.tsx",
    "update-2025-08-15T07-42.tsx",
    "update-2025-08-15-0442.tsx",
    "update-2025-08-15-0742.tsx",
    "update-2025-08-15T07-41.tsx",
    "update-2025-08-15-0741.tsx",
    "update-2025-08-15-0441.tsx",
    "update-2025-08-15-0740.tsx",
    "update-2025-08-15T07-40.tsx",
    "update-2025-08-15T07-38.tsx",
    "update-2025-08-15-0738.tsx",
    "update-2025-08-15T07-37.tsx",
    "update-2025-08-15-0437.tsx",
    "update-2025-08-15-0436.tsx",
    "update-2025-08-15T07-36.tsx",
    "update-2025-08-15-0736.tsx",
    "update-2025-08-15T07-35.tsx",
    "update-2025-08-15-0735.tsx",
    "update-2025-08-15-0435.tsx",
    "update-2025-08-15T07-34.tsx",
    "update-2025-08-15-0734.tsx",
    "update-2025-08-15-0434.tsx",
    "update-2025-08-15T07-33.tsx",
    "update-2025-08-15-0733.tsx",
    "update-2025-08-15-0433.tsx",
    "update-2025-08-15T07-32.tsx",
    "update-2025-08-15-0732.tsx",
    "update-2025-08-15-0432.tsx",
    "update-2025-08-15-0431.tsx",
    "update-2025-08-15T07-31.tsx",
    "update-2025-08-15-0731.tsx",
    "update-2025-08-15T07-30.tsx",
    "update-2025-08-15-0429.tsx",
    "update-2025-08-15-0730.tsx",
    "update-2025-08-15T07-29.tsx",
    "update-2025-08-15-0428.tsx",
    "update-2025-08-15T07-28.tsx",
    "update-2025-08-15-0728.tsx",
    "update-2025-08-15T07-21.tsx",
    "update-2025-08-15-0721.tsx",
    "update-2025-08-15-0421.tsx",
    "update-2025-08-15T07-20.tsx",
    "update-2025-08-15-0720.tsx",
    "update-2025-08-15T07-19.tsx",
    "update-2025-08-15-0419.tsx",
    "update-2025-08-15-0719.tsx",
    "update-2025-08-15T07-18.tsx",
    "update-2025-08-15-0418.tsx",
    "update-2025-08-15-0718.tsx",
    "update-2025-08-15-0717.tsx",
    "update-2025-08-15T07-17.tsx",
    "update-2025-08-15-0417.tsx",
    "update-2025-08-15T07-16.tsx",
    "update-2025-08-15-0416.tsx",
    "update-2025-08-15-0716.tsx",
    "update-2025-08-15T07-15.tsx",
    "update-2025-08-15-0715.tsx",
    "update-2025-08-15-0415.tsx",
    "update-2025-08-15-0414.tsx",
    "update-2025-08-15T07-14.tsx",
    "update-2025-08-15-0714.tsx",
    "update-2025-08-15T07-13.tsx",
    "update-2025-08-15-0713.tsx",
    "update-2025-08-15-0413.tsx",
    "update-2025-08-15-0712.tsx",
    "update-2025-08-15-0412.tsx",
    "update-2025-08-15T07-11.tsx",
    "update-2025-08-15-0711.tsx",
    "update-2025-08-15-0411.tsx",
    "update-2025-08-15T07-10.tsx",
    "update-2025-08-15-0710.tsx",
    "update-2025-08-15T07-09.tsx",
    "update-2025-08-15-0709.tsx"
  ],
  "metrics": {
    "diversityScore": 100,
    "avgLen": 1873,
    "duplicateCount": 0,
    "seoScore": 34
  },
  "guidance": [
    "Aim for varied intros, highlights, and CTAs across updates.",
    "Keep meta description and keywords present for each page.",
    "Include at least one external source highlight when available.",
    "Target 300–1000 characters per update for skim-ability."
  ]
}