{
  "generatedAt": "2025-08-15T06:47:37.387Z",
  "files": [
    "update-2025-08-15-0647.tsx",
    "update-2025-08-15-0347.tsx",
    "update-2025-08-15T06-47.tsx",
    "update-2025-08-15T06-46.tsx",
    "update-2025-08-15-0646.tsx",
    "update-2025-08-15-0346.tsx",
    "update-2025-08-15-0645.tsx",
    "update-2025-08-15-0345.tsx",
    "update-2025-08-15T06-44.tsx",
    "update-2025-08-15-0644.tsx",
    "update-2025-08-15-0344.tsx",
    "update-2025-08-15T06-43.tsx",
    "update-2025-08-15-0643.tsx",
    "update-2025-08-15-0343.tsx",
    "update-2025-08-15T06-42.tsx",
    "update-2025-08-15-0642.tsx",
    "update-2025-08-15-0342.tsx",
    "update-2025-08-15T06-41.tsx",
    "update-2025-08-15-0341.tsx",
    "update-2025-08-15-0641.tsx",
    "update-2025-08-15T06-40.tsx",
    "update-2025-08-15-0340.tsx",
    "update-2025-08-15-0339.tsx",
    "update-2025-08-15-0640.tsx",
    "update-2025-08-15T06-39.tsx",
    "update-2025-08-15-0639.tsx",
    "update-2025-08-15T06-38.tsx",
    "update-2025-08-15-0638.tsx",
    "update-2025-08-15-0338.tsx",
    "update-2025-08-15T06-37.tsx",
    "update-2025-08-15-0637.tsx",
    "update-2025-08-15-0337.tsx",
    "update-2025-08-15T06-36.tsx",
    "update-2025-08-15-0636.tsx",
    "update-2025-08-15-0336.tsx",
    "update-2025-08-15T06-35.tsx",
    "update-2025-08-15-0635.tsx",
    "update-2025-08-15-0335.tsx",
    "update-2025-08-15T06-34.tsx",
    "update-2025-08-15-0634.tsx",
    "update-2025-08-15-0334.tsx",
    "update-2025-08-15T06-33.tsx",
    "update-2025-08-15-0633.tsx",
    "update-2025-08-15-0333.tsx",
    "update-2025-08-15T06-32.tsx",
    "update-2025-08-15-0632.tsx",
    "update-2025-08-15-0332.tsx",
    "update-2025-08-15T06-31.tsx",
    "update-2025-08-15-0631.tsx",
    "update-2025-08-15-0331.tsx",
    "update-2025-08-15T06-30.tsx",
    "update-2025-08-15-0630.tsx",
    "update-2025-08-15-0330.tsx",
    "update-2025-08-15T06-29.tsx",
    "update-2025-08-15-0629.tsx",
    "update-2025-08-15-0329.tsx",
    "update-2025-08-15T06-28.tsx",
    "update-2025-08-15-0328.tsx",
    "update-2025-08-15T06-27.tsx",
    "update-2025-08-15-0627.tsx",
    "update-2025-08-15-0327.tsx",
    "update-2025-08-15T06-26.tsx",
    "update-2025-08-15-0326.tsx",
    "update-2025-08-15-0626.tsx",
    "update-2025-08-15T06-25.tsx",
    "update-2025-08-15-0625.tsx",
    "update-2025-08-15-0325.tsx",
    "update-2025-08-15T06-24.tsx",
    "update-2025-08-15-0624.tsx",
    "update-2025-08-15-0324.tsx",
    "update-2025-08-15T06-23.tsx",
    "update-2025-08-15-0323.tsx",
    "update-2025-08-15-0623.tsx",
    "update-2025-08-15-0622.tsx",
    "update-2025-08-15-0322.tsx",
    "update-2025-08-15T06-22.tsx",
    "update-2025-08-15-0621.tsx",
    "update-2025-08-15T06-21.tsx",
    "update-2025-08-15T06-16.tsx",
    "update-2025-08-15-0616.tsx",
    "update-2025-08-15-0316.tsx",
    "update-2025-08-15T06-15.tsx",
    "update-2025-08-15-0615.tsx",
    "update-2025-08-15-0315.tsx",
    "update-2025-08-15T06-14.tsx",
    "update-2025-08-15-0314.tsx",
    "update-2025-08-15-0614.tsx",
    "update-2025-08-15T06-13.tsx",
    "update-2025-08-15-0613.tsx",
    "update-2025-08-15-0313.tsx",
    "update-2025-08-15T06-12.tsx",
    "update-2025-08-15-0612.tsx",
    "update-2025-08-15-0312.tsx",
    "update-2025-08-15T06-11.tsx",
    "update-2025-08-15-0311.tsx",
    "update-2025-08-15-0611.tsx",
    "update-2025-08-15T06-10.tsx",
    "update-2025-08-15-0610.tsx",
    "update-2025-08-15T06-09.tsx",
    "update-2025-08-15-0609.tsx"
  ],
  "metrics": {
    "diversityScore": 100,
    "avgLen": 1876,
    "duplicateCount": 0,
    "seoScore": 34
  },
  "guidance": [
    "Aim for varied intros, highlights, and CTAs across updates.",
    "Keep meta description and keywords present for each page.",
    "Include at least one external source highlight when available.",
    "Target 300–1000 characters per update for skim-ability."
  ]
}