{
  "generatedAt": "2025-08-14T21:30:45.631Z",
  "files": [
    "update-2025-08-14T21-30.tsx",
    "update-2025-08-14-2130.tsx",
    "update-2025-08-14-1830.tsx",
    "update-2025-08-14-1829.tsx",
    "update-2025-08-14-1824.tsx",
    "update-2025-08-14-1823.tsx",
    "update-2025-08-14-1816.tsx",
    "update-2025-08-14-1815.tsx",
    "update-2025-08-14-1814.tsx"
  ],
  "metrics": {
    "diversityScore": 100,
    "avgLen": 2099,
    "duplicateCount": 0,
    "seoScore": 11
  },
  "guidance": [
    "Aim for varied intros, highlights, and CTAs across updates.",
    "Keep meta description and keywords present for each page.",
    "Include at least one external source highlight when available.",
    "Target 300–1000 characters per update for skim-ability."
  ]
}