{
  "generatedAt": "2025-08-15T16:43:01.307Z",
  "files": [
    "update-2025-08-15-1343.tsx",
    "update-2025-08-15-1342.tsx",
    "update-2025-08-15-1341.tsx",
    "update-2025-08-15T16-40.tsx",
    "update-2025-08-15-1640.tsx",
    "update-2025-08-15-1339.tsx",
    "update-2025-08-15-1338.tsx",
    "update-2025-08-15-1337.tsx",
    "update-2025-08-15-1336.tsx",
    "update-2025-08-15-1335.tsx",
    "update-2025-08-15-1334.tsx",
    "update-2025-08-15-1333.tsx",
    "update-2025-08-15-1332.tsx",
    "update-2025-08-15-1331.tsx",
    "update-2025-08-15T16-30.tsx",
    "update-2025-08-15-1630.tsx",
    "update-2025-08-15-1329.tsx",
    "update-2025-08-15-1328.tsx",
    "update-2025-08-15-1327.tsx",
    "update-2025-08-15-1326.tsx",
    "update-2025-08-15-1325.tsx",
    "update-2025-08-15-1324.tsx",
    "update-2025-08-15-1323.tsx",
    "update-2025-08-15-1321.tsx",
    "update-2025-08-15T16-20.tsx",
    "update-2025-08-15-1620.tsx",
    "update-2025-08-15-1320.tsx",
    "update-2025-08-15-1319.tsx",
    "update-2025-08-15-1318.tsx",
    "update-2025-08-15-1317.tsx",
    "update-2025-08-15-1316.tsx",
    "update-2025-08-15-1315.tsx",
    "update-2025-08-15-1314.tsx",
    "update-2025-08-15-1313.tsx",
    "update-2025-08-15-1312.tsx",
    "update-2025-08-15-1311.tsx",
    "update-2025-08-15T16-10.tsx",
    "update-2025-08-15-1610.tsx",
    "update-2025-08-15-1309.tsx",
    "update-2025-08-15-1308.tsx",
    "update-2025-08-15-1307.tsx",
    "update-2025-08-15-1306.tsx",
    "update-2025-08-15-1305.tsx",
    "update-2025-08-15-1304.tsx",
    "update-2025-08-15-1303.tsx",
    "update-2025-08-15-1302.tsx",
    "update-2025-08-15-1301.tsx",
    "update-2025-08-15T16-00.tsx",
    "update-2025-08-15-1600.tsx",
    "update-2025-08-15-1259.tsx",
    "update-2025-08-15-1258.tsx",
    "update-2025-08-15-1257.tsx",
    "update-2025-08-15-1256.tsx",
    "update-2025-08-15-1255.tsx",
    "update-2025-08-15-1254.tsx",
    "update-2025-08-15-1253.tsx",
    "update-2025-08-15-1252.tsx",
    "update-2025-08-15-1251.tsx",
    "update-2025-08-15T15-50.tsx",
    "update-2025-08-15-1550.tsx",
    "update-2025-08-15-1249.tsx",
    "update-2025-08-15-1248.tsx",
    "update-2025-08-15-1247.tsx",
    "update-2025-08-15-1246.tsx",
    "update-2025-08-15-1245.tsx",
    "update-2025-08-15-1244.tsx",
    "update-2025-08-15-1243.tsx",
    "update-2025-08-15-1241.tsx",
    "update-2025-08-15T15-40.tsx",
    "update-2025-08-15-1540.tsx",
    "update-2025-08-15-1239.tsx",
    "update-2025-08-15-1238.tsx",
    "update-2025-08-15-1237.tsx",
    "update-2025-08-15-1236.tsx",
    "update-2025-08-15-1235.tsx",
    "update-2025-08-15-1234.tsx",
    "update-2025-08-15-1233.tsx",
    "update-2025-08-15-1232.tsx",
    "update-2025-08-15-1231.tsx",
    "update-2025-08-15T15-30.tsx",
    "update-2025-08-15-1530.tsx",
    "update-2025-08-15-1229.tsx",
    "update-2025-08-15-1228.tsx",
    "update-2025-08-15-1227.tsx",
    "update-2025-08-15-1226.tsx",
    "update-2025-08-15-1225.tsx",
    "update-2025-08-15-1224.tsx",
    "update-2025-08-15-1223.tsx",
    "update-2025-08-15-1222.tsx",
    "update-2025-08-15-1221.tsx",
    "update-2025-08-15T15-20.tsx",
    "update-2025-08-15-1520.tsx",
    "update-2025-08-15-1219.tsx",
    "update-2025-08-15-1218.tsx",
    "update-2025-08-15-1217.tsx",
    "update-2025-08-15-1216.tsx",
    "update-2025-08-15-1215.tsx",
    "update-2025-08-15-1214.tsx",
    "update-2025-08-15-1213.tsx",
    "update-2025-08-15-1212.tsx"
  ],
  "metrics": {
    "diversityScore": 100,
    "avgLen": 2099,
    "duplicateCount": 0,
    "seoScore": 9
  },
  "guidance": [
    "Aim for varied intros, highlights, and CTAs across updates.",
    "Keep meta description and keywords present for each page.",
    "Include at least one external source highlight when available.",
    "Target 300–1000 characters per update for skim-ability."
  ]
}