{
  "generatedAt": "2025-08-18T13:15:50.617Z",
  "files": [
    "update-2025-08-18T13-15.tsx",
    "update-2025-08-18-1315.tsx",
    "update-2025-08-18-1015.tsx",
    "update-2025-08-18T13-14.tsx",
    "update-2025-08-18-1314.tsx",
    "update-2025-08-18-1014.tsx",
    "update-2025-08-18T13-09.tsx",
    "update-2025-08-18T13-08.tsx",
    "update-2025-08-18T12-42.tsx",
    "update-2025-08-18T12-41.tsx",
    "update-2025-08-18T12-40.tsx",
    "update-2025-08-18T12-39.tsx",
    "update-2025-08-18T12-38.tsx",
    "update-2025-08-18T12-37.tsx",
    "update-2025-08-18T12-36.tsx",
    "update-2025-08-18T12-35.tsx",
    "update-2025-08-18T12-34.tsx",
    "update-2025-08-18T12-33.tsx",
    "update-2025-08-18T12-32.tsx",
    "update-2025-08-18T12-31.tsx",
    "update-2025-08-18T12-30.tsx",
    "update-2025-08-18T12-29.tsx",
    "update-2025-08-18-1309.tsx",
    "update-2025-08-18-1308.tsx",
    "update-2025-08-18-1242.tsx",
    "update-2025-08-18-1241.tsx",
    "update-2025-08-18-1240.tsx",
    "update-2025-08-18-1239.tsx",
    "update-2025-08-18-1238.tsx",
    "update-2025-08-18-1237.tsx",
    "update-2025-08-18-1236.tsx",
    "update-2025-08-18-1235.tsx",
    "update-2025-08-18-1234.tsx",
    "update-2025-08-18-1233.tsx",
    "update-2025-08-18-1232.tsx",
    "update-2025-08-18-1231.tsx",
    "update-2025-08-18-1230.tsx",
    "update-2025-08-18-1229.tsx",
    "update-2025-08-18-1009.tsx",
    "update-2025-08-18-1008.tsx",
    "update-2025-08-18-1005.tsx",
    "update-2025-08-18-0943.tsx",
    "update-2025-08-18-0942.tsx",
    "update-2025-08-18-0941.tsx",
    "update-2025-08-18-0940.tsx",
    "update-2025-08-18-0939.tsx",
    "update-2025-08-18-0938.tsx",
    "update-2025-08-18-0937.tsx",
    "update-2025-08-18-0936.tsx",
    "update-2025-08-18-0935.tsx",
    "update-2025-08-18-0934.tsx",
    "update-2025-08-18-0933.tsx",
    "update-2025-08-18-0932.tsx",
    "update-2025-08-18-0931.tsx",
    "update-2025-08-18-0930.tsx",
    "update-2025-08-18-0929.tsx",
    "update-2025-08-18-0928.tsx"
  ],
  "metrics": {
    "diversityScore": 100,
    "avgLen": 1905,
    "duplicateCount": 0,
    "seoScore": 32
  },
  "guidance": [
    "Aim for varied intros, highlights, and CTAs across updates.",
    "Keep meta description and keywords present for each page.",
    "Include at least one external source highlight when available.",
    "Target 300–1000 characters per update for skim-ability."
  ]
}