{
  "generatedAt": "2025-08-14T14:43:01.000Z",
  "files": [
    "update-2025-08-14-1143.tsx",
    "update-2025-08-14-1142.tsx",
    "update-2025-08-14-1141.tsx",
    "update-2025-08-14T14-40.tsx",
    "update-2025-08-14-1440.tsx",
    "update-2025-08-14-1140.tsx",
    "update-2025-08-14-1139.tsx",
    "update-2025-08-14-1138.tsx",
    "update-2025-08-14-1137.tsx",
    "update-2025-08-14-1136.tsx",
    "update-2025-08-14-1135.tsx",
    "update-2025-08-14-1134.tsx",
    "update-2025-08-14-1133.tsx",
    "update-2025-08-14-1132.tsx",
    "update-2025-08-14-1131.tsx",
    "update-2025-08-14T14-30.tsx",
    "update-2025-08-14-1430.tsx",
    "update-2025-08-14-1130.tsx",
    "update-2025-08-14-1129.tsx",
    "update-2025-08-14-1128.tsx",
    "update-2025-08-14T14-20.tsx",
    "update-2025-08-14T14-10.tsx",
    "update-2025-08-14T14-00.tsx",
    "update-2025-08-14T13-50.tsx",
    "update-2025-08-14T13-40.tsx",
    "update-2025-08-14T13-30.tsx",
    "update-2025-08-14T13-20.tsx",
    "update-2025-08-14T13-10.tsx",
    "update-2025-08-14T13-00.tsx",
    "update-2025-08-14T12-40.tsx",
    "update-2025-08-14T12-30.tsx",
    "update-2025-08-14T12-20.tsx",
    "update-2025-08-14T12-10.tsx",
    "update-2025-08-14T11-07.tsx",
    "update-2025-08-14T10-20.tsx",
    "update-2025-08-14T09-17.tsx",
    "update-2025-08-14T09-16.tsx",
    "update-2025-08-14T09-15.tsx",
    "update-2025-08-14T09-14.tsx",
    "update-2025-08-14T09-13.tsx",
    "update-2025-08-14T09-12.tsx",
    "update-2025-08-14T09-11.tsx",
    "update-2025-08-14T09-10.tsx",
    "update-2025-08-14T09-09.tsx",
    "update-2025-08-14T09-08.tsx",
    "update-2025-08-14T09-00.tsx",
    "update-2025-08-14T08-50.tsx",
    "update-2025-08-14T08-40.tsx",
    "update-2025-08-14T08-30.tsx",
    "update-2025-08-14T08-20.tsx",
    "update-2025-08-14T08-08.tsx",
    "update-2025-08-14T08-00.tsx",
    "update-2025-08-14T07-50.tsx",
    "update-2025-08-14T07-40.tsx",
    "update-2025-08-14T07-20.tsx",
    "update-2025-08-14T07-10.tsx",
    "update-2025-08-14T07-00.tsx",
    "update-2025-08-14T06-40.tsx",
    "update-2025-08-14T06-30.tsx",
    "update-2025-08-14T06-21.tsx",
    "update-2025-08-14T06-10.tsx",
    "update-2025-08-14T05-50.tsx",
    "update-2025-08-14T05-40.tsx",
    "update-2025-08-14T05-30.tsx",
    "update-2025-08-14T05-20.tsx",
    "update-2025-08-14T05-10.tsx",
    "update-2025-08-14T04-41.tsx",
    "update-2025-08-14T04-31.tsx",
    "update-2025-08-14T04-21.tsx",
    "update-2025-08-14T04-19.tsx",
    "update-2025-08-14T04-11.tsx",
    "update-2025-08-14T04-00.tsx",
    "update-2025-08-14T03-50.tsx",
    "update-2025-08-14T03-30.tsx",
    "update-2025-08-14T03-21.tsx",
    "update-2025-08-14T02-50.tsx",
    "update-2025-08-14T02-40.tsx",
    "update-2025-08-14T02-30.tsx",
    "update-2025-08-14T02-20.tsx",
    "update-2025-08-14T02-00.tsx",
    "update-2025-08-14T01-50.tsx",
    "update-2025-08-14T01-40.tsx",
    "update-2025-08-14T00-45.tsx",
    "update-2025-08-14T00-44.tsx",
    "update-2025-08-14T00-43.tsx",
    "update-2025-08-14T00-42.tsx",
    "update-2025-08-14T00-41.tsx",
    "update-2025-08-14T00-40.tsx",
    "update-2025-08-14T00-39.tsx",
    "update-2025-08-14T00-38.tsx",
    "update-2025-08-14T00-37.tsx",
    "update-2025-08-14T00-36.tsx",
    "update-2025-08-14T00-35.tsx",
    "update-2025-08-14T00-34.tsx",
    "update-2025-08-14T00-33.tsx",
    "update-2025-08-14T00-32.tsx",
    "update-2025-08-14T00-31.tsx",
    "update-2025-08-14T00-30.tsx",
    "update-2025-08-14T00-29.tsx",
    "update-2025-08-14T00-28.tsx"
  ],
  "metrics": {
    "diversityScore": 100,
    "avgLen": 1184,
    "duplicateCount": 0,
    "seoScore": 2
  },
  "guidance": [
    "Aim for varied intros, highlights, and CTAs across updates.",
    "Keep meta description and keywords present for each page.",
    "Include at least one external source highlight when available.",
    "Target 300–1000 characters per update for skim-ability."
  ]
}