{
  "generatedAt": "2025-08-17T12:46:01.732Z",
  "files": [
    "update-2025-08-17-0946.tsx",
    "update-2025-08-17-0945.tsx",
    "update-2025-08-17-0944.tsx",
    "update-2025-08-17-0943.tsx",
    "update-2025-08-17-0942.tsx",
    "update-2025-08-17-0941.tsx",
    "update-2025-08-17T12-40.tsx",
    "update-2025-08-17-1240.tsx",
    "update-2025-08-17-0939.tsx",
    "update-2025-08-17-0938.tsx",
    "update-2025-08-17-0937.tsx",
    "update-2025-08-17-0936.tsx",
    "update-2025-08-17-0935.tsx",
    "update-2025-08-17-0934.tsx",
    "update-2025-08-17-0933.tsx",
    "update-2025-08-17-0932.tsx",
    "update-2025-08-17-0931.tsx",
    "update-2025-08-17T12-30.tsx",
    "update-2025-08-17-1230.tsx",
    "update-2025-08-17-0929.tsx",
    "update-2025-08-17-0928.tsx",
    "update-2025-08-17-0927.tsx",
    "update-2025-08-17-0926.tsx",
    "update-2025-08-17-0925.tsx",
    "update-2025-08-17-0924.tsx",
    "update-2025-08-17-0923.tsx",
    "update-2025-08-17-0922.tsx",
    "update-2025-08-17-0921.tsx",
    "update-2025-08-17T12-20.tsx",
    "update-2025-08-17-1220.tsx",
    "update-2025-08-17-0919.tsx",
    "update-2025-08-17-0918.tsx",
    "update-2025-08-17-0917.tsx",
    "update-2025-08-17-0916.tsx",
    "update-2025-08-17-0915.tsx",
    "update-2025-08-17-0914.tsx",
    "update-2025-08-17-0913.tsx",
    "update-2025-08-17-0912.tsx",
    "update-2025-08-17-0911.tsx",
    "update-2025-08-17T12-10.tsx",
    "update-2025-08-17-1210.tsx",
    "update-2025-08-17-0909.tsx",
    "update-2025-08-17-0908.tsx",
    "update-2025-08-17-0907.tsx",
    "update-2025-08-17-0906.tsx",
    "update-2025-08-17-0905.tsx",
    "update-2025-08-17-0904.tsx",
    "update-2025-08-17-0903.tsx",
    "update-2025-08-17-0902.tsx",
    "update-2025-08-17-0901.tsx",
    "update-2025-08-17T12-01.tsx",
    "update-2025-08-17-1200.tsx",
    "update-2025-08-17-0859.tsx",
    "update-2025-08-17-0858.tsx",
    "update-2025-08-17-0857.tsx",
    "update-2025-08-17-0856.tsx",
    "update-2025-08-17-0855.tsx",
    "update-2025-08-17-0854.tsx",
    "update-2025-08-17-0853.tsx",
    "update-2025-08-17-0852.tsx",
    "update-2025-08-17-0851.tsx",
    "update-2025-08-17T11-50.tsx",
    "update-2025-08-17-1150.tsx",
    "update-2025-08-17-0849.tsx",
    "update-2025-08-17-0848.tsx",
    "update-2025-08-17-0847.tsx",
    "update-2025-08-17-0846.tsx",
    "update-2025-08-17-0845.tsx",
    "update-2025-08-17-0844.tsx",
    "update-2025-08-17-0843.tsx",
    "update-2025-08-17-0842.tsx",
    "update-2025-08-17-0841.tsx",
    "update-2025-08-17T11-41.tsx",
    "update-2025-08-17T11-40.tsx",
    "update-2025-08-17-1140.tsx",
    "update-2025-08-17-0839.tsx",
    "update-2025-08-17-0838.tsx",
    "update-2025-08-17-0837.tsx",
    "update-2025-08-17-0836.tsx",
    "update-2025-08-17-0835.tsx",
    "update-2025-08-17-0834.tsx",
    "update-2025-08-17-0833.tsx",
    "update-2025-08-17-0832.tsx",
    "update-2025-08-17-0831.tsx",
    "update-2025-08-17T11-30.tsx",
    "update-2025-08-17-1130.tsx",
    "update-2025-08-17-0829.tsx",
    "update-2025-08-17-0828.tsx",
    "update-2025-08-17-0827.tsx",
    "update-2025-08-17-0826.tsx",
    "update-2025-08-17-0825.tsx",
    "update-2025-08-17-0824.tsx",
    "update-2025-08-17-0823.tsx",
    "update-2025-08-17-0822.tsx",
    "update-2025-08-17-0821.tsx",
    "update-2025-08-17T11-20.tsx",
    "update-2025-08-17-1120.tsx",
    "update-2025-08-17-0819.tsx",
    "update-2025-08-17-0818.tsx",
    "update-2025-08-17-0817.tsx"
  ],
  "metrics": {
    "diversityScore": 100,
    "avgLen": 2102,
    "duplicateCount": 0,
    "seoScore": 9
  },
  "guidance": [
    "Aim for varied intros, highlights, and CTAs across updates.",
    "Keep meta description and keywords present for each page.",
    "Include at least one external source highlight when available.",
    "Target 300–1000 characters per update for skim-ability."
  ]
}