{
  "generatedAt": "2025-08-18T07:12:02.235Z",
  "files": [
    "update-2025-08-18-0412.tsx",
    "update-2025-08-18T07-11.tsx",
    "update-2025-08-18-0411.tsx",
    "update-2025-08-18-0710.tsx",
    "update-2025-08-18-0410.tsx",
    "update-2025-08-18-0409.tsx",
    "update-2025-08-18-0408.tsx",
    "update-2025-08-18-0407.tsx",
    "update-2025-08-18-0406.tsx",
    "update-2025-08-18-0405.tsx",
    "update-2025-08-18-0403.tsx",
    "update-2025-08-18-0402.tsx",
    "update-2025-08-18T07-03.tsx",
    "update-2025-08-18T07-01.tsx",
    "update-2025-08-18-0401.tsx",
    "update-2025-08-18-0700.tsx",
    "update-2025-08-18-0400.tsx",
    "update-2025-08-18-0359.tsx",
    "update-2025-08-18-0358.tsx",
    "update-2025-08-18-0357.tsx",
    "update-2025-08-18-0356.tsx",
    "update-2025-08-18T06-55.tsx",
    "update-2025-08-18-0655.tsx",
    "update-2025-08-18-0355.tsx",
    "update-2025-08-18-0354.tsx",
    "update-2025-08-18-0353.tsx",
    "update-2025-08-18-0352.tsx",
    "update-2025-08-18T06-51.tsx",
    "update-2025-08-18-0651.tsx",
    "update-2025-08-18-0351.tsx",
    "update-2025-08-18-0350.tsx",
    "update-2025-08-18T06-49.tsx",
    "update-2025-08-18-0649.tsx",
    "update-2025-08-18-0349.tsx",
    "update-2025-08-18-0348.tsx",
    "update-2025-08-18T06-47.tsx",
    "update-2025-08-18-0647.tsx",
    "update-2025-08-18-0347.tsx",
    "update-2025-08-18-0346.tsx",
    "update-2025-08-18-0345.tsx",
    "update-2025-08-18T06-44.tsx",
    "update-2025-08-18-0644.tsx",
    "update-2025-08-18-0344.tsx",
    "update-2025-08-18-0343.tsx",
    "update-2025-08-18-0342.tsx",
    "update-2025-08-18T06-41.tsx",
    "update-2025-08-18-0341.tsx",
    "update-2025-08-18-0640.tsx",
    "update-2025-08-18-0340.tsx",
    "update-2025-08-18T06-39.tsx",
    "update-2025-08-18-0639.tsx",
    "update-2025-08-18-0339.tsx",
    "update-2025-08-18-0338.tsx",
    "update-2025-08-18-0620.tsx",
    "update-2025-08-18-0320.tsx",
    "update-2025-08-18-0319.tsx",
    "update-2025-08-18-0318.tsx",
    "update-2025-08-18-0317.tsx",
    "update-2025-08-18-0313.tsx",
    "update-2025-08-18-0312.tsx",
    "update-2025-08-18T06-11.tsx",
    "update-2025-08-18-0311.tsx",
    "update-2025-08-18-0610.tsx",
    "update-2025-08-18-0309.tsx",
    "update-2025-08-18-0308.tsx",
    "update-2025-08-18-0307.tsx",
    "update-2025-08-18-0306.tsx",
    "update-2025-08-18-0305.tsx",
    "update-2025-08-18-0304.tsx",
    "update-2025-08-18-0303.tsx",
    "update-2025-08-18-0302.tsx",
    "update-2025-08-18T06-01.tsx",
    "update-2025-08-18-0301.tsx",
    "update-2025-08-18-0600.tsx",
    "update-2025-08-18-0300.tsx",
    "update-2025-08-18-0259.tsx",
    "update-2025-08-18-0258.tsx",
    "update-2025-08-18-0257.tsx",
    "update-2025-08-18-0256.tsx",
    "update-2025-08-18-0255.tsx",
    "update-2025-08-18-0254.tsx",
    "update-2025-08-18-0253.tsx",
    "update-2025-08-18-0252.tsx",
    "update-2025-08-18T05-51.tsx",
    "update-2025-08-18-0251.tsx",
    "update-2025-08-18-0550.tsx",
    "update-2025-08-18-0250.tsx",
    "update-2025-08-18-0249.tsx",
    "update-2025-08-18-0248.tsx",
    "update-2025-08-18-0247.tsx",
    "update-2025-08-18-0246.tsx",
    "update-2025-08-18-0245.tsx",
    "update-2025-08-18-0244.tsx",
    "update-2025-08-18-0243.tsx",
    "update-2025-08-18-0242.tsx",
    "update-2025-08-18T05-41.tsx",
    "update-2025-08-18-0241.tsx",
    "update-2025-08-18-0540.tsx",
    "update-2025-08-18-0240.tsx",
    "update-2025-08-18-0239.tsx"
  ],
  "metrics": {
    "diversityScore": 100,
    "avgLen": 2055,
    "duplicateCount": 0,
    "seoScore": 14
  },
  "guidance": [
    "Aim for varied intros, highlights, and CTAs across updates.",
    "Keep meta description and keywords present for each page.",
    "Include at least one external source highlight when available.",
    "Target 300–1000 characters per update for skim-ability."
  ]
}