{
  "generatedAt": "2025-08-17T11:58:02.949Z",
  "files": [
    "update-2025-08-17-0858.tsx",
    "update-2025-08-17-0857.tsx",
    "update-2025-08-17-0856.tsx",
    "update-2025-08-17-0855.tsx",
    "update-2025-08-17-0854.tsx",
    "update-2025-08-17-0853.tsx",
    "update-2025-08-17-0852.tsx",
    "update-2025-08-17-0851.tsx",
    "update-2025-08-17T11-50.tsx",
    "update-2025-08-17-1150.tsx",
    "update-2025-08-17-0849.tsx",
    "update-2025-08-17-0848.tsx",
    "update-2025-08-17-0847.tsx",
    "update-2025-08-17-0846.tsx",
    "update-2025-08-17-0845.tsx",
    "update-2025-08-17-0844.tsx",
    "update-2025-08-17-0843.tsx",
    "update-2025-08-17-0842.tsx",
    "update-2025-08-17-0841.tsx",
    "update-2025-08-17T11-41.tsx",
    "update-2025-08-17T11-40.tsx",
    "update-2025-08-17-1140.tsx",
    "update-2025-08-17-0839.tsx",
    "update-2025-08-17-0838.tsx",
    "update-2025-08-17-0837.tsx",
    "update-2025-08-17-0836.tsx",
    "update-2025-08-17-0835.tsx",
    "update-2025-08-17-0834.tsx",
    "update-2025-08-17-0833.tsx",
    "update-2025-08-17-0832.tsx",
    "update-2025-08-17-0831.tsx",
    "update-2025-08-17T11-30.tsx",
    "update-2025-08-17-1130.tsx",
    "update-2025-08-17-0829.tsx",
    "update-2025-08-17-0828.tsx",
    "update-2025-08-17-0827.tsx",
    "update-2025-08-17-0826.tsx",
    "update-2025-08-17-0825.tsx",
    "update-2025-08-17-0824.tsx",
    "update-2025-08-17-0823.tsx",
    "update-2025-08-17-0822.tsx",
    "update-2025-08-17-0821.tsx",
    "update-2025-08-17T11-20.tsx",
    "update-2025-08-17-1120.tsx",
    "update-2025-08-17-0819.tsx",
    "update-2025-08-17-0818.tsx",
    "update-2025-08-17-0817.tsx",
    "update-2025-08-17-0816.tsx",
    "update-2025-08-17-0815.tsx",
    "update-2025-08-17-0814.tsx",
    "update-2025-08-17-0813.tsx",
    "update-2025-08-17-0812.tsx",
    "update-2025-08-17-0811.tsx",
    "update-2025-08-17T11-10.tsx",
    "update-2025-08-17-1110.tsx",
    "update-2025-08-17-0809.tsx",
    "update-2025-08-17-0808.tsx",
    "update-2025-08-17-0807.tsx",
    "update-2025-08-17-0806.tsx",
    "update-2025-08-17-0805.tsx",
    "update-2025-08-17-0804.tsx",
    "update-2025-08-17-0803.tsx",
    "update-2025-08-17-0802.tsx",
    "update-2025-08-17-0801.tsx",
    "update-2025-08-17T11-00.tsx",
    "update-2025-08-17-1100.tsx",
    "update-2025-08-17-0759.tsx",
    "update-2025-08-17-0758.tsx",
    "update-2025-08-17-0757.tsx",
    "update-2025-08-17-0756.tsx",
    "update-2025-08-17-0755.tsx",
    "update-2025-08-17-0754.tsx",
    "update-2025-08-17-0753.tsx",
    "update-2025-08-17-0752.tsx",
    "update-2025-08-17-0751.tsx",
    "update-2025-08-17T10-50.tsx",
    "update-2025-08-17-1050.tsx",
    "update-2025-08-17-0749.tsx",
    "update-2025-08-17-0748.tsx",
    "update-2025-08-17-0747.tsx",
    "update-2025-08-17-0746.tsx",
    "update-2025-08-17-0745.tsx",
    "update-2025-08-17-0744.tsx",
    "update-2025-08-17-0743.tsx",
    "update-2025-08-17-0742.tsx",
    "update-2025-08-17-0741.tsx",
    "update-2025-08-17T10-40.tsx",
    "update-2025-08-17-1040.tsx",
    "update-2025-08-17-0739.tsx",
    "update-2025-08-17-0738.tsx",
    "update-2025-08-17-0737.tsx",
    "update-2025-08-17-0736.tsx",
    "update-2025-08-17-0735.tsx",
    "update-2025-08-17-0734.tsx",
    "update-2025-08-17-0733.tsx",
    "update-2025-08-17-0732.tsx",
    "update-2025-08-17-0731.tsx",
    "update-2025-08-17T10-30.tsx",
    "update-2025-08-17-1030.tsx",
    "update-2025-08-17-0729.tsx"
  ],
  "metrics": {
    "diversityScore": 100,
    "avgLen": 2101,
    "duplicateCount": 0,
    "seoScore": 9
  },
  "guidance": [
    "Aim for varied intros, highlights, and CTAs across updates.",
    "Keep meta description and keywords present for each page.",
    "Include at least one external source highlight when available.",
    "Target 300–1000 characters per update for skim-ability."
  ]
}