{
  "generatedAt": "2025-08-15T06:06:15.947Z",
  "files": [
    "update-2025-08-15T06-06.tsx",
    "update-2025-08-15-0306.tsx",
    "update-2025-08-15-0606.tsx",
    "update-2025-08-15T06-05.tsx",
    "update-2025-08-15-0605.tsx",
    "update-2025-08-15-0305.tsx",
    "update-2025-08-15T06-04.tsx",
    "update-2025-08-15-0604.tsx",
    "update-2025-08-15-0304.tsx",
    "update-2025-08-15T06-03.tsx",
    "update-2025-08-15-0603.tsx",
    "update-2025-08-15-0303.tsx",
    "update-2025-08-15T06-02.tsx",
    "update-2025-08-15-0602.tsx",
    "update-2025-08-15-0302.tsx",
    "update-2025-08-15T06-01.tsx",
    "update-2025-08-15-0601.tsx",
    "update-2025-08-15-0301.tsx",
    "update-2025-08-15T06-00.tsx",
    "update-2025-08-15-0600.tsx",
    "update-2025-08-15T05-59.tsx",
    "update-2025-08-15-0559.tsx",
    "update-2025-08-15-0259.tsx",
    "update-2025-08-15T05-58.tsx",
    "update-2025-08-15-0558.tsx",
    "update-2025-08-15-0258.tsx",
    "update-2025-08-15T05-57.tsx",
    "update-2025-08-15-0557.tsx",
    "update-2025-08-15T05-56.tsx",
    "update-2025-08-15-0257.tsx",
    "update-2025-08-15-0556.tsx",
    "update-2025-08-15-0256.tsx",
    "update-2025-08-15-0255.tsx",
    "update-2025-08-15-0254.tsx",
    "update-2025-08-15-0253.tsx",
    "update-2025-08-15-0252.tsx",
    "update-2025-08-15-0251.tsx",
    "update-2025-08-15T05-50.tsx",
    "update-2025-08-15-0550.tsx",
    "update-2025-08-15-0249.tsx",
    "update-2025-08-15-0248.tsx",
    "update-2025-08-15-0247.tsx",
    "update-2025-08-15-0246.tsx",
    "update-2025-08-15-0245.tsx",
    "update-2025-08-15-0244.tsx",
    "update-2025-08-15-0243.tsx",
    "update-2025-08-15-0242.tsx",
    "update-2025-08-15-0241.tsx",
    "update-2025-08-15T05-40.tsx",
    "update-2025-08-15-0540.tsx",
    "update-2025-08-15-0239.tsx",
    "update-2025-08-15-0238.tsx",
    "update-2025-08-15-0237.tsx",
    "update-2025-08-15-0236.tsx",
    "update-2025-08-15-0235.tsx",
    "update-2025-08-15-0234.tsx",
    "update-2025-08-15-0233.tsx",
    "update-2025-08-15-0232.tsx",
    "update-2025-08-15-0231.tsx",
    "update-2025-08-15T05-30.tsx",
    "update-2025-08-15-0530.tsx",
    "update-2025-08-15-0229.tsx",
    "update-2025-08-15-0228.tsx",
    "update-2025-08-15-0227.tsx",
    "update-2025-08-15-0226.tsx",
    "update-2025-08-15-0225.tsx",
    "update-2025-08-15-0224.tsx",
    "update-2025-08-15-0223.tsx",
    "update-2025-08-15-0222.tsx",
    "update-2025-08-15-0221.tsx",
    "update-2025-08-15T05-20.tsx",
    "update-2025-08-15-0520.tsx",
    "update-2025-08-15-0217.tsx",
    "update-2025-08-15-0216.tsx",
    "update-2025-08-15-0215.tsx",
    "update-2025-08-15-0212.tsx",
    "update-2025-08-15T05-10.tsx",
    "update-2025-08-15-0510.tsx",
    "update-2025-08-15-0210.tsx",
    "update-2025-08-15-0209.tsx",
    "update-2025-08-15-0208.tsx",
    "update-2025-08-15-0207.tsx",
    "update-2025-08-15-0206.tsx",
    "update-2025-08-15-0205.tsx",
    "update-2025-08-15-0204.tsx",
    "update-2025-08-15-0203.tsx",
    "update-2025-08-15-0202.tsx",
    "update-2025-08-15-0201.tsx",
    "update-2025-08-15T05-00.tsx",
    "update-2025-08-15-0500.tsx",
    "update-2025-08-15-0200.tsx",
    "update-2025-08-15-0159.tsx",
    "update-2025-08-15-0158.tsx",
    "update-2025-08-15-0157.tsx",
    "update-2025-08-15-0156.tsx",
    "update-2025-08-15-0155.tsx",
    "update-2025-08-15-0154.tsx",
    "update-2025-08-15-0153.tsx",
    "update-2025-08-15-0152.tsx",
    "update-2025-08-15-0151.tsx"
  ],
  "metrics": {
    "diversityScore": 100,
    "avgLen": 2039,
    "duplicateCount": 0,
    "seoScore": 17
  },
  "guidance": [
    "Aim for varied intros, highlights, and CTAs across updates.",
    "Keep meta description and keywords present for each page.",
    "Include at least one external source highlight when available.",
    "Target 300–1000 characters per update for skim-ability."
  ]
}