{
  "generatedAt": "2025-08-17T00:12:01.340Z",
  "files": [
    "update-2025-08-16-2112.tsx",
    "update-2025-08-16-2111.tsx",
    "update-2025-08-17T00-10.tsx",
    "update-2025-08-17-0010.tsx",
    "update-2025-08-16-2109.tsx",
    "update-2025-08-16-2108.tsx",
    "update-2025-08-16-2107.tsx",
    "update-2025-08-16-2106.tsx",
    "update-2025-08-16-2105.tsx",
    "update-2025-08-16-2104.tsx",
    "update-2025-08-16-2103.tsx",
    "update-2025-08-16-2102.tsx",
    "update-2025-08-16-2101.tsx",
    "update-2025-08-17T00-00.tsx",
    "update-2025-08-17-0000.tsx",
    "update-2025-08-16-2059.tsx",
    "update-2025-08-16-2058.tsx",
    "update-2025-08-16-2057.tsx",
    "update-2025-08-16-2056.tsx",
    "update-2025-08-16-2055.tsx",
    "update-2025-08-16-2054.tsx",
    "update-2025-08-16-2053.tsx",
    "update-2025-08-16-2052.tsx",
    "update-2025-08-16-2051.tsx",
    "update-2025-08-16T23-50.tsx",
    "update-2025-08-16-2350.tsx",
    "update-2025-08-16-2050.tsx",
    "update-2025-08-16-2049.tsx",
    "update-2025-08-16-2048.tsx",
    "update-2025-08-16-2047.tsx",
    "update-2025-08-16-2046.tsx",
    "update-2025-08-16-2045.tsx",
    "update-2025-08-16-2044.tsx",
    "update-2025-08-16-2043.tsx",
    "update-2025-08-16-2042.tsx",
    "update-2025-08-16-2041.tsx",
    "update-2025-08-16T23-40.tsx",
    "update-2025-08-16-2340.tsx",
    "update-2025-08-16-2040.tsx",
    "update-2025-08-16-2039.tsx",
    "update-2025-08-16-2038.tsx",
    "update-2025-08-16-2037.tsx",
    "update-2025-08-16-2036.tsx",
    "update-2025-08-16-2035.tsx",
    "update-2025-08-16-2034.tsx",
    "update-2025-08-16-2033.tsx",
    "update-2025-08-16-2032.tsx",
    "update-2025-08-16-2031.tsx",
    "update-2025-08-16T23-30.tsx",
    "update-2025-08-16-2330.tsx",
    "update-2025-08-16-2030.tsx",
    "update-2025-08-16-2029.tsx",
    "update-2025-08-16-2028.tsx",
    "update-2025-08-16-2027.tsx",
    "update-2025-08-16-2026.tsx",
    "update-2025-08-16-2025.tsx",
    "update-2025-08-16-2024.tsx",
    "update-2025-08-16-2023.tsx",
    "update-2025-08-16-2022.tsx",
    "update-2025-08-16-2021.tsx",
    "update-2025-08-16T23-20.tsx",
    "update-2025-08-16-2320.tsx",
    "update-2025-08-16-2020.tsx",
    "update-2025-08-16-2019.tsx",
    "update-2025-08-16-2018.tsx",
    "update-2025-08-16-2017.tsx",
    "update-2025-08-16-2016.tsx",
    "update-2025-08-16-2015.tsx",
    "update-2025-08-16-2014.tsx",
    "update-2025-08-16-2013.tsx",
    "update-2025-08-16-2012.tsx",
    "update-2025-08-16-2011.tsx",
    "update-2025-08-16T23-10.tsx",
    "update-2025-08-16-2310.tsx",
    "update-2025-08-16-2010.tsx",
    "update-2025-08-16-2009.tsx",
    "update-2025-08-16-2008.tsx",
    "update-2025-08-16-2007.tsx",
    "update-2025-08-16-2006.tsx",
    "update-2025-08-16-2005.tsx",
    "update-2025-08-16-2004.tsx",
    "update-2025-08-16-2003.tsx",
    "update-2025-08-16-2002.tsx",
    "update-2025-08-16-2001.tsx",
    "update-2025-08-16T23-00.tsx",
    "update-2025-08-16-2300.tsx",
    "update-2025-08-16-2000.tsx",
    "update-2025-08-16-1959.tsx",
    "update-2025-08-16-1958.tsx",
    "update-2025-08-16-1956.tsx",
    "update-2025-08-16-1955.tsx",
    "update-2025-08-16-1954.tsx",
    "update-2025-08-16-1953.tsx",
    "update-2025-08-16-1952.tsx",
    "update-2025-08-16-1951.tsx",
    "update-2025-08-16T22-50.tsx",
    "update-2025-08-16-2250.tsx",
    "update-2025-08-16-1950.tsx",
    "update-2025-08-16-1949.tsx",
    "update-2025-08-16-1948.tsx"
  ],
  "metrics": {
    "diversityScore": 100,
    "avgLen": 2104,
    "duplicateCount": 0,
    "seoScore": 9
  },
  "guidance": [
    "Aim for varied intros, highlights, and CTAs across updates.",
    "Keep meta description and keywords present for each page.",
    "Include at least one external source highlight when available.",
    "Target 300–1000 characters per update for skim-ability."
  ]
}