{
  "generatedAt": "2025-08-16T23:20:01.747Z",
  "files": [
    "update-2025-08-16-2020.tsx",
    "update-2025-08-16-2019.tsx",
    "update-2025-08-16-2018.tsx",
    "update-2025-08-16-2017.tsx",
    "update-2025-08-16-2016.tsx",
    "update-2025-08-16-2015.tsx",
    "update-2025-08-16-2014.tsx",
    "update-2025-08-16-2013.tsx",
    "update-2025-08-16-2012.tsx",
    "update-2025-08-16-2011.tsx",
    "update-2025-08-16T23-10.tsx",
    "update-2025-08-16-2310.tsx",
    "update-2025-08-16-2010.tsx",
    "update-2025-08-16-2009.tsx",
    "update-2025-08-16-2008.tsx",
    "update-2025-08-16-2007.tsx",
    "update-2025-08-16-2006.tsx",
    "update-2025-08-16-2005.tsx",
    "update-2025-08-16-2004.tsx",
    "update-2025-08-16-2003.tsx",
    "update-2025-08-16-2002.tsx",
    "update-2025-08-16-2001.tsx",
    "update-2025-08-16T23-00.tsx",
    "update-2025-08-16-2300.tsx",
    "update-2025-08-16-2000.tsx",
    "update-2025-08-16-1959.tsx",
    "update-2025-08-16-1958.tsx",
    "update-2025-08-16-1956.tsx",
    "update-2025-08-16-1955.tsx",
    "update-2025-08-16-1954.tsx",
    "update-2025-08-16-1953.tsx",
    "update-2025-08-16-1952.tsx",
    "update-2025-08-16-1951.tsx",
    "update-2025-08-16T22-50.tsx",
    "update-2025-08-16-2250.tsx",
    "update-2025-08-16-1950.tsx",
    "update-2025-08-16-1949.tsx",
    "update-2025-08-16-1948.tsx",
    "update-2025-08-16-1947.tsx",
    "update-2025-08-16-1946.tsx",
    "update-2025-08-16-1945.tsx",
    "update-2025-08-16-1944.tsx",
    "update-2025-08-16-1943.tsx",
    "update-2025-08-16-1942.tsx",
    "update-2025-08-16-1941.tsx",
    "update-2025-08-16T22-40.tsx",
    "update-2025-08-16-2240.tsx",
    "update-2025-08-16-1940.tsx",
    "update-2025-08-16-1939.tsx",
    "update-2025-08-16-1938.tsx",
    "update-2025-08-16-1937.tsx",
    "update-2025-08-16-1936.tsx",
    "update-2025-08-16-1935.tsx",
    "update-2025-08-16-1934.tsx",
    "update-2025-08-16-1933.tsx",
    "update-2025-08-16-1932.tsx",
    "update-2025-08-16-1931.tsx",
    "update-2025-08-16T22-30.tsx",
    "update-2025-08-16-2230.tsx",
    "update-2025-08-16-1930.tsx",
    "update-2025-08-16-1929.tsx",
    "update-2025-08-16-1928.tsx",
    "update-2025-08-16-1927.tsx",
    "update-2025-08-16-1926.tsx",
    "update-2025-08-16-1925.tsx",
    "update-2025-08-16-1924.tsx",
    "update-2025-08-16-1923.tsx",
    "update-2025-08-16-1922.tsx",
    "update-2025-08-16-1921.tsx",
    "update-2025-08-16T22-20.tsx",
    "update-2025-08-16-2220.tsx",
    "update-2025-08-16-1920.tsx",
    "update-2025-08-16-1919.tsx",
    "update-2025-08-16-1918.tsx",
    "update-2025-08-16-1917.tsx",
    "update-2025-08-16-1916.tsx",
    "update-2025-08-16-1915.tsx",
    "update-2025-08-16-1914.tsx",
    "update-2025-08-16-1913.tsx",
    "update-2025-08-16-1912.tsx",
    "update-2025-08-16-1911.tsx",
    "update-2025-08-16T22-10.tsx",
    "update-2025-08-16-2210.tsx",
    "update-2025-08-16-1910.tsx",
    "update-2025-08-16-1909.tsx",
    "update-2025-08-16-1908.tsx",
    "update-2025-08-16-1907.tsx",
    "update-2025-08-16-1906.tsx",
    "update-2025-08-16-1905.tsx",
    "update-2025-08-16-1904.tsx",
    "update-2025-08-16-1903.tsx",
    "update-2025-08-16-1902.tsx",
    "update-2025-08-16-1901.tsx",
    "update-2025-08-16T22-00.tsx",
    "update-2025-08-16-2200.tsx",
    "update-2025-08-16-1900.tsx",
    "update-2025-08-16-1859.tsx",
    "update-2025-08-16-1858.tsx",
    "update-2025-08-16-1857.tsx",
    "update-2025-08-16-1856.tsx"
  ],
  "metrics": {
    "diversityScore": 100,
    "avgLen": 2107,
    "duplicateCount": 0,
    "seoScore": 8
  },
  "guidance": [
    "Aim for varied intros, highlights, and CTAs across updates.",
    "Keep meta description and keywords present for each page.",
    "Include at least one external source highlight when available.",
    "Target 300–1000 characters per update for skim-ability."
  ]
}