{
  "generatedAt": "2025-08-15T13:52:01.337Z",
  "files": [
    "update-2025-08-15-1052.tsx",
    "update-2025-08-15-1050.tsx",
    "update-2025-08-15-1049.tsx",
    "update-2025-08-15-1048.tsx",
    "update-2025-08-15-1047.tsx",
    "update-2025-08-15-1046.tsx",
    "update-2025-08-15-1045.tsx",
    "update-2025-08-15-1044.tsx",
    "update-2025-08-15-1043.tsx",
    "update-2025-08-15-1042.tsx",
    "update-2025-08-15-1041.tsx",
    "update-2025-08-15T13-40.tsx",
    "update-2025-08-15-1340.tsx",
    "update-2025-08-15-1040.tsx",
    "update-2025-08-15-1039.tsx",
    "update-2025-08-15-1038.tsx",
    "update-2025-08-15-1037.tsx",
    "update-2025-08-15-1036.tsx",
    "update-2025-08-15-1035.tsx",
    "update-2025-08-15-1033.tsx",
    "update-2025-08-15-1032.tsx",
    "update-2025-08-15-1031.tsx",
    "update-2025-08-15T13-30.tsx",
    "update-2025-08-15-1330.tsx",
    "update-2025-08-15-1030.tsx",
    "update-2025-08-15-1029.tsx",
    "update-2025-08-15-1028.tsx",
    "update-2025-08-15-1027.tsx",
    "update-2025-08-15-1025.tsx",
    "update-2025-08-15-1024.tsx",
    "update-2025-08-15-1023.tsx",
    "update-2025-08-15T13-22.tsx",
    "update-2025-08-15-1322.tsx",
    "update-2025-08-15-1022.tsx",
    "update-2025-08-15-1020.tsx",
    "update-2025-08-15-1019.tsx",
    "update-2025-08-15-1018.tsx",
    "update-2025-08-15-1017.tsx",
    "update-2025-08-15-1016.tsx",
    "update-2025-08-15-1015.tsx",
    "update-2025-08-15-1014.tsx",
    "update-2025-08-15-1013.tsx",
    "update-2025-08-15-1012.tsx",
    "update-2025-08-15-1011.tsx",
    "update-2025-08-15T13-10.tsx",
    "update-2025-08-15-1310.tsx",
    "update-2025-08-15-1010.tsx",
    "update-2025-08-15-1009.tsx",
    "update-2025-08-15-1008.tsx",
    "update-2025-08-15-1007.tsx",
    "update-2025-08-15-1006.tsx",
    "update-2025-08-15-1005.tsx",
    "update-2025-08-15-1004.tsx",
    "update-2025-08-15-1003.tsx",
    "update-2025-08-15-1002.tsx",
    "update-2025-08-15-1001.tsx",
    "update-2025-08-15T13-00.tsx",
    "update-2025-08-15-1300.tsx",
    "update-2025-08-15-1000.tsx",
    "update-2025-08-15-0959.tsx",
    "update-2025-08-15-0958.tsx",
    "update-2025-08-15-0957.tsx",
    "update-2025-08-15-0956.tsx",
    "update-2025-08-15-0955.tsx",
    "update-2025-08-15-0954.tsx",
    "update-2025-08-15-0953.tsx",
    "update-2025-08-15-0952.tsx",
    "update-2025-08-15-0951.tsx",
    "update-2025-08-15T12-50.tsx",
    "update-2025-08-15-1250.tsx",
    "update-2025-08-15-0949.tsx",
    "update-2025-08-15-0948.tsx",
    "update-2025-08-15T12-42.tsx",
    "update-2025-08-15T12-41.tsx",
    "update-2025-08-15T12-40.tsx",
    "update-2025-08-15-1242.tsx",
    "update-2025-08-15-1240.tsx",
    "update-2025-08-15-0945.tsx",
    "update-2025-08-15-0944.tsx",
    "update-2025-08-15-0943.tsx",
    "update-2025-08-15-0942.tsx",
    "update-2025-08-15-0941.tsx",
    "update-2025-08-15-0947.tsx",
    "update-2025-08-15-0940.tsx",
    "update-2025-08-15T12-30.tsx",
    "update-2025-08-15-1230.tsx",
    "update-2025-08-15-0938.tsx",
    "update-2025-08-15-0937.tsx",
    "update-2025-08-15-0936.tsx",
    "update-2025-08-15-0935.tsx",
    "update-2025-08-15-0934.tsx",
    "update-2025-08-15-0933.tsx",
    "update-2025-08-15-0932.tsx",
    "update-2025-08-15-0931.tsx",
    "update-2025-08-15-0930.tsx",
    "update-2025-08-15-0929.tsx",
    "update-2025-08-15-0928.tsx",
    "update-2025-08-15-0927.tsx",
    "update-2025-08-15-0926.tsx",
    "update-2025-08-15-0925.tsx"
  ],
  "metrics": {
    "diversityScore": 100,
    "avgLen": 2100,
    "duplicateCount": 0,
    "seoScore": 9
  },
  "guidance": [
    "Aim for varied intros, highlights, and CTAs across updates.",
    "Keep meta description and keywords present for each page.",
    "Include at least one external source highlight when available.",
    "Target 300–1000 characters per update for skim-ability."
  ]
}