{
  "generatedAt": "2025-08-14T19:53:01.067Z",
  "files": [
    "update-2025-08-14-1653.tsx",
    "update-2025-08-14-1652.tsx",
    "update-2025-08-14-1651.tsx",
    "update-2025-08-14T19-50.tsx",
    "update-2025-08-14-1950.tsx",
    "update-2025-08-14-1650.tsx",
    "update-2025-08-14-1649.tsx",
    "update-2025-08-14-1648.tsx",
    "update-2025-08-14-1647.tsx",
    "update-2025-08-14-1646.tsx",
    "update-2025-08-14-1645.tsx",
    "update-2025-08-14T19-44.tsx",
    "update-2025-08-14-1944.tsx",
    "update-2025-08-14-1644.tsx",
    "update-2025-08-14-1643.tsx",
    "update-2025-08-14-1642.tsx",
    "update-2025-08-14-1641.tsx",
    "update-2025-08-14T19-40.tsx",
    "update-2025-08-14-1940.tsx",
    "update-2025-08-14-1640.tsx",
    "update-2025-08-14-1639.tsx",
    "update-2025-08-14-1638.tsx",
    "update-2025-08-14-1637.tsx",
    "update-2025-08-14-1634.tsx",
    "update-2025-08-14-1633.tsx",
    "update-2025-08-14T19-30.tsx",
    "update-2025-08-14-1930.tsx",
    "update-2025-08-14-1630.tsx",
    "update-2025-08-14-1629.tsx",
    "update-2025-08-14T19-20.tsx",
    "update-2025-08-14-1920.tsx",
    "update-2025-08-14-1616.tsx",
    "update-2025-08-14-1615.tsx",
    "update-2025-08-14-1614.tsx",
    "update-2025-08-14-1609.tsx",
    "update-2025-08-14-1608.tsx",
    "update-2025-08-14-1607.tsx",
    "update-2025-08-14-1606.tsx",
    "update-2025-08-14-1605.tsx",
    "update-2025-08-14-1604.tsx",
    "update-2025-08-14-1603.tsx",
    "update-2025-08-14T18-58.tsx",
    "update-2025-08-14-1858.tsx",
    "update-2025-08-14-1559.tsx",
    "update-2025-08-14-1557.tsx",
    "update-2025-08-14-1336.tsx",
    "update-2025-08-14T19-00.tsx",
    "update-2025-08-14-1900.tsx",
    "update-2025-08-14-1602.tsx",
    "update-2025-08-14-1601.tsx",
    "update-2025-08-14T18-56.tsx",
    "update-2025-08-14T18-36.tsx",
    "update-2025-08-14-1836.tsx",
    "update-2025-08-14T16-35.tsx",
    "update-2025-08-14-1636.tsx",
    "update-2025-08-14-1635.tsx",
    "update-2025-08-14-1335.tsx",
    "update-2025-08-14-1332.tsx",
    "update-2025-08-14T16-32.tsx",
    "update-2025-08-14-1632.tsx",
    "update-2025-08-14T16-31.tsx",
    "update-2025-08-14-1631.tsx",
    "update-2025-08-14-1331.tsx",
    "update-2025-08-14T16-30.tsx",
    "update-2025-08-14-1329.tsx",
    "update-2025-08-14T16-28.tsx",
    "update-2025-08-14-1628.tsx",
    "update-2025-08-14-1328.tsx",
    "update-2025-08-14T16-27.tsx",
    "update-2025-08-14-1627.tsx",
    "update-2025-08-14-1327.tsx",
    "update-2025-08-14-1626.tsx",
    "update-2025-08-14-1325.tsx",
    "update-2025-08-14-1326.tsx",
    "update-2025-08-14T16-25.tsx",
    "update-2025-08-14-1625.tsx",
    "update-2025-08-14T16-24.tsx",
    "update-2025-08-14-1324.tsx",
    "update-2025-08-14-1624.tsx",
    "update-2025-08-14T16-23.tsx",
    "update-2025-08-14-1623.tsx",
    "update-2025-08-14-1323.tsx",
    "update-2025-08-14T16-22.tsx",
    "update-2025-08-14-1622.tsx",
    "update-2025-08-14-1322.tsx",
    "update-2025-08-14T16-21.tsx",
    "update-2025-08-14-1621.tsx",
    "update-2025-08-14-1321.tsx",
    "update-2025-08-14T16-20.tsx",
    "update-2025-08-14-1620.tsx",
    "update-2025-08-14T16-19.tsx",
    "update-2025-08-14-1619.tsx",
    "update-2025-08-14-1319.tsx",
    "update-2025-08-14-1318.tsx",
    "update-2025-08-14-1317.tsx",
    "update-2025-08-14-1316.tsx",
    "update-2025-08-14-1315.tsx",
    "update-2025-08-14-1314.tsx",
    "update-2025-08-14-1313.tsx",
    "update-2025-08-14-1312.tsx"
  ],
  "metrics": {
    "diversityScore": 100,
    "avgLen": 1940,
    "duplicateCount": 0,
    "seoScore": 22
  },
  "guidance": [
    "Aim for varied intros, highlights, and CTAs across updates.",
    "Keep meta description and keywords present for each page.",
    "Include at least one external source highlight when available.",
    "Target 300–1000 characters per update for skim-ability."
  ]
}