{
  "generatedAt": "2025-08-17T01:38:01.516Z",
  "files": [
    "update-2025-08-16-2238.tsx",
    "update-2025-08-16-2237.tsx",
    "update-2025-08-16-2235.tsx",
    "update-2025-08-16-2234.tsx",
    "update-2025-08-16-2233.tsx",
    "update-2025-08-16-2232.tsx",
    "update-2025-08-16-2231.tsx",
    "update-2025-08-17T01-30.tsx",
    "update-2025-08-17-0130.tsx",
    "update-2025-08-16-2229.tsx",
    "update-2025-08-16-2228.tsx",
    "update-2025-08-16-2227.tsx",
    "update-2025-08-16-2226.tsx",
    "update-2025-08-16-2225.tsx",
    "update-2025-08-16-2224.tsx",
    "update-2025-08-16-2223.tsx",
    "update-2025-08-16-2222.tsx",
    "update-2025-08-16-2221.tsx",
    "update-2025-08-17T01-20.tsx",
    "update-2025-08-17-0120.tsx",
    "update-2025-08-16-2219.tsx",
    "update-2025-08-16-2218.tsx",
    "update-2025-08-16-2217.tsx",
    "update-2025-08-16-2216.tsx",
    "update-2025-08-16-2215.tsx",
    "update-2025-08-16-2214.tsx",
    "update-2025-08-16-2213.tsx",
    "update-2025-08-16-2212.tsx",
    "update-2025-08-16-2211.tsx",
    "update-2025-08-17T01-10.tsx",
    "update-2025-08-17-0110.tsx",
    "update-2025-08-16-2209.tsx",
    "update-2025-08-16-2208.tsx",
    "update-2025-08-16-2207.tsx",
    "update-2025-08-16-2206.tsx",
    "update-2025-08-16-2205.tsx",
    "update-2025-08-16-2204.tsx",
    "update-2025-08-16-2203.tsx",
    "update-2025-08-16-2202.tsx",
    "update-2025-08-16-2201.tsx",
    "update-2025-08-17T01-00.tsx",
    "update-2025-08-17-0100.tsx",
    "update-2025-08-16-2159.tsx",
    "update-2025-08-16-2158.tsx",
    "update-2025-08-16-2157.tsx",
    "update-2025-08-16-2156.tsx",
    "update-2025-08-16-2155.tsx",
    "update-2025-08-16-2154.tsx",
    "update-2025-08-16-2153.tsx",
    "update-2025-08-16-2152.tsx",
    "update-2025-08-16-2151.tsx",
    "update-2025-08-17T00-50.tsx",
    "update-2025-08-17-0050.tsx",
    "update-2025-08-16-2149.tsx",
    "update-2025-08-16-2148.tsx",
    "update-2025-08-16-2147.tsx",
    "update-2025-08-16-2146.tsx",
    "update-2025-08-16-2145.tsx",
    "update-2025-08-16-2144.tsx",
    "update-2025-08-16-2143.tsx",
    "update-2025-08-16-2142.tsx",
    "update-2025-08-16-2141.tsx",
    "update-2025-08-17T00-40.tsx",
    "update-2025-08-17-0040.tsx",
    "update-2025-08-16-2139.tsx",
    "update-2025-08-16-2138.tsx",
    "update-2025-08-16-2137.tsx",
    "update-2025-08-16-2136.tsx",
    "update-2025-08-16-2135.tsx",
    "update-2025-08-16-2134.tsx",
    "update-2025-08-16-2133.tsx",
    "update-2025-08-16-2132.tsx",
    "update-2025-08-16-2131.tsx",
    "update-2025-08-17T00-30.tsx",
    "update-2025-08-17-0030.tsx",
    "update-2025-08-16-2129.tsx",
    "update-2025-08-16-2128.tsx",
    "update-2025-08-16-2127.tsx",
    "update-2025-08-16-2126.tsx",
    "update-2025-08-16-2125.tsx",
    "update-2025-08-16-2124.tsx",
    "update-2025-08-16-2123.tsx",
    "update-2025-08-16-2122.tsx",
    "update-2025-08-16-2121.tsx",
    "update-2025-08-17T00-20.tsx",
    "update-2025-08-17-0020.tsx",
    "update-2025-08-16-2120.tsx",
    "update-2025-08-16-2119.tsx",
    "update-2025-08-16-2118.tsx",
    "update-2025-08-16-2117.tsx",
    "update-2025-08-16-2116.tsx",
    "update-2025-08-16-2115.tsx",
    "update-2025-08-16-2114.tsx",
    "update-2025-08-16-2113.tsx",
    "update-2025-08-16-2112.tsx",
    "update-2025-08-16-2111.tsx",
    "update-2025-08-17T00-10.tsx",
    "update-2025-08-17-0010.tsx",
    "update-2025-08-16-2109.tsx",
    "update-2025-08-16-2108.tsx"
  ],
  "metrics": {
    "diversityScore": 100,
    "avgLen": 2107,
    "duplicateCount": 0,
    "seoScore": 9
  },
  "guidance": [
    "Aim for varied intros, highlights, and CTAs across updates.",
    "Keep meta description and keywords present for each page.",
    "Include at least one external source highlight when available.",
    "Target 300–1000 characters per update for skim-ability."
  ]
}