{
  "generatedAt": "2025-08-15T07:35:12.006Z",
  "files": [
    "update-2025-08-15T07-35.tsx",
    "update-2025-08-15-0735.tsx",
    "update-2025-08-15-0435.tsx",
    "update-2025-08-15T07-34.tsx",
    "update-2025-08-15-0734.tsx",
    "update-2025-08-15-0434.tsx",
    "update-2025-08-15T07-33.tsx",
    "update-2025-08-15-0733.tsx",
    "update-2025-08-15-0433.tsx",
    "update-2025-08-15T07-32.tsx",
    "update-2025-08-15-0732.tsx",
    "update-2025-08-15-0432.tsx",
    "update-2025-08-15-0431.tsx",
    "update-2025-08-15T07-31.tsx",
    "update-2025-08-15-0731.tsx",
    "update-2025-08-15T07-30.tsx",
    "update-2025-08-15-0429.tsx",
    "update-2025-08-15-0730.tsx",
    "update-2025-08-15T07-29.tsx",
    "update-2025-08-15-0428.tsx",
    "update-2025-08-15T07-28.tsx",
    "update-2025-08-15-0728.tsx",
    "update-2025-08-15T07-21.tsx",
    "update-2025-08-15-0721.tsx",
    "update-2025-08-15-0421.tsx",
    "update-2025-08-15T07-20.tsx",
    "update-2025-08-15-0720.tsx",
    "update-2025-08-15T07-19.tsx",
    "update-2025-08-15-0419.tsx",
    "update-2025-08-15-0719.tsx",
    "update-2025-08-15T07-18.tsx",
    "update-2025-08-15-0418.tsx",
    "update-2025-08-15-0718.tsx",
    "update-2025-08-15-0717.tsx",
    "update-2025-08-15T07-17.tsx",
    "update-2025-08-15-0417.tsx",
    "update-2025-08-15T07-16.tsx",
    "update-2025-08-15-0416.tsx",
    "update-2025-08-15-0716.tsx",
    "update-2025-08-15T07-15.tsx",
    "update-2025-08-15-0715.tsx",
    "update-2025-08-15-0415.tsx",
    "update-2025-08-15-0414.tsx",
    "update-2025-08-15T07-14.tsx",
    "update-2025-08-15-0714.tsx",
    "update-2025-08-15T07-13.tsx",
    "update-2025-08-15-0713.tsx",
    "update-2025-08-15-0413.tsx",
    "update-2025-08-15-0712.tsx",
    "update-2025-08-15-0412.tsx",
    "update-2025-08-15T07-11.tsx",
    "update-2025-08-15-0711.tsx",
    "update-2025-08-15-0411.tsx",
    "update-2025-08-15T07-10.tsx",
    "update-2025-08-15-0710.tsx",
    "update-2025-08-15T07-09.tsx",
    "update-2025-08-15-0709.tsx",
    "update-2025-08-15-0409.tsx",
    "update-2025-08-15T07-08.tsx",
    "update-2025-08-15-0708.tsx",
    "update-2025-08-15-0408.tsx",
    "update-2025-08-15-0707.tsx",
    "update-2025-08-15-0407.tsx",
    "update-2025-08-15T07-06.tsx",
    "update-2025-08-15-0706.tsx",
    "update-2025-08-15-0406.tsx",
    "update-2025-08-15T07-05.tsx",
    "update-2025-08-15-0705.tsx",
    "update-2025-08-15-0405.tsx",
    "update-2025-08-15T07-04.tsx",
    "update-2025-08-15-0704.tsx",
    "update-2025-08-15-0404.tsx",
    "update-2025-08-15T07-03.tsx",
    "update-2025-08-15-0703.tsx",
    "update-2025-08-15-0403.tsx",
    "update-2025-08-15T07-02.tsx",
    "update-2025-08-15-0702.tsx",
    "update-2025-08-15-0402.tsx",
    "update-2025-08-15T07-01.tsx",
    "update-2025-08-15-0701.tsx",
    "update-2025-08-15-0401.tsx",
    "update-2025-08-15T07-00.tsx",
    "update-2025-08-15-0700.tsx",
    "update-2025-08-15T06-59.tsx",
    "update-2025-08-15-0659.tsx",
    "update-2025-08-15-0359.tsx",
    "update-2025-08-15T06-58.tsx",
    "update-2025-08-15-0658.tsx",
    "update-2025-08-15-0358.tsx",
    "update-2025-08-15T06-57.tsx",
    "update-2025-08-15-0357.tsx",
    "update-2025-08-15-0657.tsx",
    "update-2025-08-15T06-56.tsx",
    "update-2025-08-15-0656.tsx",
    "update-2025-08-15-0356.tsx",
    "update-2025-08-15T06-55.tsx",
    "update-2025-08-15-0655.tsx",
    "update-2025-08-15-0355.tsx",
    "update-2025-08-15T06-54.tsx",
    "update-2025-08-15-0654.tsx"
  ],
  "metrics": {
    "diversityScore": 100,
    "avgLen": 1880,
    "duplicateCount": 0,
    "seoScore": 35
  },
  "guidance": [
    "Aim for varied intros, highlights, and CTAs across updates.",
    "Keep meta description and keywords present for each page.",
    "Include at least one external source highlight when available.",
    "Target 300–1000 characters per update for skim-ability."
  ]
}