{
  "generatedAt": "2025-08-14T14:10:01.073Z",
  "files": [
    "update-2025-08-14-1110.tsx",
    "update-2025-08-14-1109.tsx",
    "update-2025-08-14-1108.tsx",
    "update-2025-08-14-1107.tsx",
    "update-2025-08-14-1105.tsx",
    "update-2025-08-14-1104.tsx",
    "update-2025-08-14-1103.tsx",
    "update-2025-08-14-1102.tsx",
    "update-2025-08-14-1101.tsx",
    "update-2025-08-14T14-00.tsx",
    "update-2025-08-14-1400.tsx",
    "update-2025-08-14-1100.tsx",
    "update-2025-08-14-1052.tsx",
    "update-2025-08-14-1051.tsx",
    "update-2025-08-14T13-50.tsx",
    "update-2025-08-14-1350.tsx",
    "update-2025-08-14-1050.tsx",
    "update-2025-08-14-1049.tsx",
    "update-2025-08-14-1048.tsx",
    "update-2025-08-14-1047.tsx",
    "update-2025-08-14-1046.tsx",
    "update-2025-08-14-1045.tsx",
    "update-2025-08-14-1044.tsx",
    "update-2025-08-14-1043.tsx",
    "update-2025-08-14-1042.tsx",
    "update-2025-08-14-1041.tsx",
    "update-2025-08-14T13-40.tsx",
    "update-2025-08-14-1340.tsx",
    "update-2025-08-14-1040.tsx",
    "update-2025-08-14-1039.tsx",
    "update-2025-08-14-1038.tsx",
    "update-2025-08-14-1037.tsx",
    "update-2025-08-14-1036.tsx",
    "update-2025-08-14-1035.tsx",
    "update-2025-08-14-1034.tsx",
    "update-2025-08-14-1033.tsx",
    "update-2025-08-14-1032.tsx",
    "update-2025-08-14-1031.tsx",
    "update-2025-08-14T13-30.tsx",
    "update-2025-08-14-1330.tsx",
    "update-2025-08-14-1030.tsx",
    "update-2025-08-14-1029.tsx",
    "update-2025-08-14-1028.tsx",
    "update-2025-08-14-1027.tsx",
    "update-2025-08-14-1026.tsx",
    "update-2025-08-14-1025.tsx",
    "update-2025-08-14-1024.tsx",
    "update-2025-08-14-1023.tsx",
    "update-2025-08-14-1022.tsx",
    "update-2025-08-14-1021.tsx",
    "update-2025-08-14T13-20.tsx",
    "update-2025-08-14-1320.tsx",
    "update-2025-08-14-1019.tsx",
    "update-2025-08-14-1018.tsx",
    "update-2025-08-14-1017.tsx",
    "update-2025-08-14-1016.tsx",
    "update-2025-08-14T13-10.tsx",
    "update-2025-08-14-1310.tsx",
    "update-2025-08-14-1010.tsx",
    "update-2025-08-14-1009.tsx",
    "update-2025-08-14-1008.tsx",
    "update-2025-08-14-1007.tsx",
    "update-2025-08-14-1006.tsx",
    "update-2025-08-14-1005.tsx",
    "update-2025-08-14-1004.tsx",
    "update-2025-08-14-1003.tsx",
    "update-2025-08-14-1002.tsx",
    "update-2025-08-14-1001.tsx",
    "update-2025-08-14T13-00.tsx",
    "update-2025-08-14-1300.tsx",
    "update-2025-08-14-0949.tsx",
    "update-2025-08-14-0948.tsx",
    "update-2025-08-14-0947.tsx",
    "update-2025-08-14-0946.tsx",
    "update-2025-08-14-0945.tsx",
    "update-2025-08-14-0944.tsx",
    "update-2025-08-14-0943.tsx",
    "update-2025-08-14-0942.tsx",
    "update-2025-08-14-0941.tsx",
    "update-2025-08-14T12-40.tsx",
    "update-2025-08-14-1240.tsx",
    "update-2025-08-14-0940.tsx",
    "update-2025-08-14-0939.tsx",
    "update-2025-08-14-0938.tsx",
    "update-2025-08-14-0937.tsx",
    "update-2025-08-14T12-30.tsx",
    "update-2025-08-14T12-20.tsx",
    "update-2025-08-14T12-10.tsx",
    "update-2025-08-14T11-07.tsx",
    "update-2025-08-14T10-20.tsx",
    "update-2025-08-14T09-17.tsx",
    "update-2025-08-14T09-16.tsx",
    "update-2025-08-14T09-15.tsx",
    "update-2025-08-14T09-14.tsx",
    "update-2025-08-14T09-13.tsx",
    "update-2025-08-14T09-12.tsx",
    "update-2025-08-14T09-11.tsx",
    "update-2025-08-14T09-10.tsx",
    "update-2025-08-14T09-09.tsx",
    "update-2025-08-14T09-08.tsx"
  ],
  "metrics": {
    "diversityScore": 100,
    "avgLen": 1897,
    "duplicateCount": 0,
    "seoScore": 8
  },
  "guidance": [
    "Aim for varied intros, highlights, and CTAs across updates.",
    "Keep meta description and keywords present for each page.",
    "Include at least one external source highlight when available.",
    "Target 300–1000 characters per update for skim-ability."
  ]
}