{
  "generatedAt": "2025-08-15T06:57:58.679Z",
  "files": [
    "update-2025-08-15T06-57.tsx",
    "update-2025-08-15-0357.tsx",
    "update-2025-08-15-0657.tsx",
    "update-2025-08-15T06-56.tsx",
    "update-2025-08-15-0656.tsx",
    "update-2025-08-15-0356.tsx",
    "update-2025-08-15T06-55.tsx",
    "update-2025-08-15-0655.tsx",
    "update-2025-08-15-0355.tsx",
    "update-2025-08-15T06-54.tsx",
    "update-2025-08-15-0654.tsx",
    "update-2025-08-15-0354.tsx",
    "update-2025-08-15T06-53.tsx",
    "update-2025-08-15-0653.tsx",
    "update-2025-08-15-0353.tsx",
    "update-2025-08-15T06-52.tsx",
    "update-2025-08-15-0652.tsx",
    "update-2025-08-15-0352.tsx",
    "update-2025-08-15T06-51.tsx",
    "update-2025-08-15-0651.tsx",
    "update-2025-08-15-0351.tsx",
    "update-2025-08-15T06-50.tsx",
    "update-2025-08-15-0650.tsx",
    "update-2025-08-15-0350.tsx",
    "update-2025-08-15T06-49.tsx",
    "update-2025-08-15-0649.tsx",
    "update-2025-08-15-0349.tsx",
    "update-2025-08-15T06-48.tsx",
    "update-2025-08-15-0648.tsx",
    "update-2025-08-15-0348.tsx",
    "update-2025-08-15T06-47.tsx",
    "update-2025-08-15-0647.tsx",
    "update-2025-08-15-0347.tsx",
    "update-2025-08-15T06-46.tsx",
    "update-2025-08-15-0646.tsx",
    "update-2025-08-15-0346.tsx",
    "update-2025-08-15-0645.tsx",
    "update-2025-08-15-0345.tsx",
    "update-2025-08-15T06-44.tsx",
    "update-2025-08-15-0644.tsx",
    "update-2025-08-15-0344.tsx",
    "update-2025-08-15T06-43.tsx",
    "update-2025-08-15-0643.tsx",
    "update-2025-08-15-0343.tsx",
    "update-2025-08-15T06-42.tsx",
    "update-2025-08-15-0642.tsx",
    "update-2025-08-15-0342.tsx",
    "update-2025-08-15T06-41.tsx",
    "update-2025-08-15-0341.tsx",
    "update-2025-08-15-0641.tsx",
    "update-2025-08-15T06-40.tsx",
    "update-2025-08-15-0340.tsx",
    "update-2025-08-15-0339.tsx",
    "update-2025-08-15-0640.tsx",
    "update-2025-08-15T06-39.tsx",
    "update-2025-08-15-0639.tsx",
    "update-2025-08-15T06-38.tsx",
    "update-2025-08-15-0638.tsx",
    "update-2025-08-15-0338.tsx",
    "update-2025-08-15T06-37.tsx",
    "update-2025-08-15-0637.tsx",
    "update-2025-08-15-0337.tsx",
    "update-2025-08-15T06-36.tsx",
    "update-2025-08-15-0636.tsx",
    "update-2025-08-15-0336.tsx",
    "update-2025-08-15T06-35.tsx",
    "update-2025-08-15-0635.tsx",
    "update-2025-08-15-0335.tsx",
    "update-2025-08-15T06-34.tsx",
    "update-2025-08-15-0634.tsx",
    "update-2025-08-15-0334.tsx",
    "update-2025-08-15T06-33.tsx",
    "update-2025-08-15-0633.tsx",
    "update-2025-08-15-0333.tsx",
    "update-2025-08-15T06-32.tsx",
    "update-2025-08-15-0632.tsx",
    "update-2025-08-15-0332.tsx",
    "update-2025-08-15T06-31.tsx",
    "update-2025-08-15-0631.tsx",
    "update-2025-08-15-0331.tsx",
    "update-2025-08-15T06-30.tsx",
    "update-2025-08-15-0630.tsx",
    "update-2025-08-15-0330.tsx",
    "update-2025-08-15T06-29.tsx",
    "update-2025-08-15-0629.tsx",
    "update-2025-08-15-0329.tsx",
    "update-2025-08-15T06-28.tsx",
    "update-2025-08-15-0328.tsx",
    "update-2025-08-15T06-27.tsx",
    "update-2025-08-15-0627.tsx",
    "update-2025-08-15-0327.tsx",
    "update-2025-08-15T06-26.tsx",
    "update-2025-08-15-0326.tsx",
    "update-2025-08-15-0626.tsx",
    "update-2025-08-15T06-25.tsx",
    "update-2025-08-15-0625.tsx",
    "update-2025-08-15-0325.tsx",
    "update-2025-08-15T06-24.tsx",
    "update-2025-08-15-0624.tsx",
    "update-2025-08-15-0324.tsx"
  ],
  "metrics": {
    "diversityScore": 100,
    "avgLen": 1888,
    "duplicateCount": 0,
    "seoScore": 33
  },
  "guidance": [
    "Aim for varied intros, highlights, and CTAs across updates.",
    "Keep meta description and keywords present for each page.",
    "Include at least one external source highlight when available.",
    "Target 300–1000 characters per update for skim-ability."
  ]
}