{
  "generatedAt": "2025-08-18T14:55:52.462Z",
  "files": [
    "update-2025-08-18-1155.tsx",
    "update-2025-08-18-1153.tsx",
    "update-2025-08-18-1148.tsx",
    "update-2025-08-18-1147.tsx",
    "update-2025-08-18-1146.tsx",
    "update-2025-08-18-1141.tsx",
    "update-2025-08-18T14-54.tsx",
    "update-2025-08-18-1454.tsx",
    "update-2025-08-18-1154.tsx",
    "update-2025-08-18T14-53.tsx",
    "update-2025-08-18-1453.tsx",
    "update-2025-08-18T14-52.tsx",
    "update-2025-08-18-1452.tsx",
    "update-2025-08-18-1152.tsx",
    "update-2025-08-18-1151.tsx",
    "update-2025-08-18T14-50.tsx",
    "update-2025-08-18-1450.tsx",
    "update-2025-08-18-1150.tsx",
    "update-2025-08-18-1149.tsx",
    "update-2025-08-18T14-48.tsx",
    "update-2025-08-18-1448.tsx",
    "update-2025-08-18T14-47.tsx",
    "update-2025-08-18-1447.tsx",
    "update-2025-08-18T14-45.tsx",
    "update-2025-08-18-1445.tsx",
    "update-2025-08-18-1145.tsx",
    "update-2025-08-18T14-44.tsx",
    "update-2025-08-18-1444.tsx",
    "update-2025-08-18-1144.tsx",
    "update-2025-08-18T14-43.tsx",
    "update-2025-08-18-1443.tsx",
    "update-2025-08-18-1143.tsx",
    "update-2025-08-18T14-42.tsx",
    "update-2025-08-18-1442.tsx",
    "update-2025-08-18T14-40.tsx",
    "update-2025-08-18-1440.tsx",
    "update-2025-08-18-1140.tsx",
    "update-2025-08-18T14-39.tsx",
    "update-2025-08-18-1439.tsx",
    "update-2025-08-18-1139.tsx",
    "update-2025-08-18T14-38.tsx",
    "update-2025-08-18-1438.tsx",
    "update-2025-08-18-1138.tsx",
    "update-2025-08-18T14-37.tsx",
    "update-2025-08-18-1437.tsx",
    "update-2025-08-18-1137.tsx",
    "update-2025-08-18T14-36.tsx",
    "update-2025-08-18-1436.tsx",
    "update-2025-08-18-1136.tsx",
    "update-2025-08-18T14-35.tsx",
    "update-2025-08-18T14-34.tsx",
    "update-2025-08-18-1434.tsx",
    "update-2025-08-18-1135.tsx",
    "update-2025-08-18-1134.tsx",
    "update-2025-08-18-1435.tsx",
    "update-2025-08-18T14-33.tsx",
    "update-2025-08-18-1133.tsx",
    "update-2025-08-18-1433.tsx",
    "update-2025-08-18-1432.tsx",
    "update-2025-08-18-1132.tsx",
    "update-2025-08-18-1131.tsx",
    "update-2025-08-18T14-30.tsx",
    "update-2025-08-18-1430.tsx",
    "update-2025-08-18-1130.tsx",
    "update-2025-08-18T14-29.tsx",
    "update-2025-08-18-1429.tsx",
    "update-2025-08-18-1129.tsx",
    "update-2025-08-18T14-28.tsx",
    "update-2025-08-18-1428.tsx",
    "update-2025-08-18-1128.tsx",
    "update-2025-08-18T14-27.tsx",
    "update-2025-08-18-1427.tsx",
    "update-2025-08-18-1127.tsx",
    "update-2025-08-18T14-26.tsx",
    "update-2025-08-18-1426.tsx",
    "update-2025-08-18-1126.tsx",
    "update-2025-08-18T14-25.tsx",
    "update-2025-08-18-1425.tsx",
    "update-2025-08-18-1125.tsx",
    "update-2025-08-18T14-24.tsx",
    "update-2025-08-18-1424.tsx",
    "update-2025-08-18-1124.tsx",
    "update-2025-08-18T14-23.tsx",
    "update-2025-08-18-1423.tsx",
    "update-2025-08-18-1123.tsx",
    "update-2025-08-18T14-22.tsx",
    "update-2025-08-18-1422.tsx",
    "update-2025-08-18-1122.tsx",
    "update-2025-08-18-1121.tsx",
    "update-2025-08-18T14-20.tsx",
    "update-2025-08-18-1420.tsx",
    "update-2025-08-18-1120.tsx",
    "update-2025-08-18T14-19.tsx",
    "update-2025-08-18-1419.tsx",
    "update-2025-08-18-1119.tsx",
    "update-2025-08-18T14-18.tsx",
    "update-2025-08-18-1418.tsx",
    "update-2025-08-18-1118.tsx",
    "update-2025-08-18T14-17.tsx",
    "update-2025-08-18-1417.tsx"
  ],
  "metrics": {
    "diversityScore": 100,
    "avgLen": 1886,
    "duplicateCount": 0,
    "seoScore": 32
  },
  "guidance": [
    "Aim for varied intros, highlights, and CTAs across updates.",
    "Keep meta description and keywords present for each page.",
    "Include at least one external source highlight when available.",
    "Target 300–1000 characters per update for skim-ability."
  ]
}