{
  "generatedAt": "2025-08-15T19:38:01.158Z",
  "files": [
    "update-2025-08-15-1638.tsx",
    "update-2025-08-15-1637.tsx",
    "update-2025-08-15-1636.tsx",
    "update-2025-08-15-1635.tsx",
    "update-2025-08-15-1634.tsx",
    "update-2025-08-15-1633.tsx",
    "update-2025-08-15-1632.tsx",
    "update-2025-08-15-1631.tsx",
    "update-2025-08-15T19-30.tsx",
    "update-2025-08-15-1930.tsx",
    "update-2025-08-15-1629.tsx",
    "update-2025-08-15-1628.tsx",
    "update-2025-08-15-1627.tsx",
    "update-2025-08-15-1626.tsx",
    "update-2025-08-15-1625.tsx",
    "update-2025-08-15-1624.tsx",
    "update-2025-08-15-1623.tsx",
    "update-2025-08-15-1622.tsx",
    "update-2025-08-15-1621.tsx",
    "update-2025-08-15T19-20.tsx",
    "update-2025-08-15-1920.tsx",
    "update-2025-08-15-1619.tsx",
    "update-2025-08-15-1618.tsx",
    "update-2025-08-15-1617.tsx",
    "update-2025-08-15-1616.tsx",
    "update-2025-08-15-1615.tsx",
    "update-2025-08-15-1614.tsx",
    "update-2025-08-15-1613.tsx",
    "update-2025-08-15-1612.tsx",
    "update-2025-08-15-1611.tsx",
    "update-2025-08-15T19-10.tsx",
    "update-2025-08-15-1910.tsx",
    "update-2025-08-15-1609.tsx",
    "update-2025-08-15-1608.tsx",
    "update-2025-08-15-1607.tsx",
    "update-2025-08-15-1606.tsx",
    "update-2025-08-15-1605.tsx",
    "update-2025-08-15-1604.tsx",
    "update-2025-08-15-1603.tsx",
    "update-2025-08-15-1602.tsx",
    "update-2025-08-15-1601.tsx",
    "update-2025-08-15T19-00.tsx",
    "update-2025-08-15-1900.tsx",
    "update-2025-08-15-1559.tsx",
    "update-2025-08-15-1558.tsx",
    "update-2025-08-15-1557.tsx",
    "update-2025-08-15-1556.tsx",
    "update-2025-08-15-1555.tsx",
    "update-2025-08-15-1554.tsx",
    "update-2025-08-15-1553.tsx",
    "update-2025-08-15-1552.tsx",
    "update-2025-08-15-1551.tsx",
    "update-2025-08-15T18-50.tsx",
    "update-2025-08-15-1850.tsx",
    "update-2025-08-15-1549.tsx",
    "update-2025-08-15-1548.tsx",
    "update-2025-08-15-1547.tsx",
    "update-2025-08-15-1546.tsx",
    "update-2025-08-15-1545.tsx",
    "update-2025-08-15-1544.tsx",
    "update-2025-08-15-1543.tsx",
    "update-2025-08-15-1542.tsx",
    "update-2025-08-15-1541.tsx",
    "update-2025-08-15T18-40.tsx",
    "update-2025-08-15-1840.tsx",
    "update-2025-08-15-1539.tsx",
    "update-2025-08-15-1538.tsx",
    "update-2025-08-15-1537.tsx",
    "update-2025-08-15-1536.tsx",
    "update-2025-08-15-1535.tsx",
    "update-2025-08-15-1533.tsx",
    "update-2025-08-15-1532.tsx",
    "update-2025-08-15-1531.tsx",
    "update-2025-08-15T18-30.tsx",
    "update-2025-08-15-1830.tsx",
    "update-2025-08-15-1529.tsx",
    "update-2025-08-15-1528.tsx",
    "update-2025-08-15-1527.tsx",
    "update-2025-08-15-1526.tsx",
    "update-2025-08-15-1525.tsx",
    "update-2025-08-15-1524.tsx",
    "update-2025-08-15-1523.tsx",
    "update-2025-08-15-1522.tsx",
    "update-2025-08-15-1521.tsx",
    "update-2025-08-15T18-20.tsx",
    "update-2025-08-15-1820.tsx",
    "update-2025-08-15-1519.tsx",
    "update-2025-08-15-1518.tsx",
    "update-2025-08-15-1517.tsx",
    "update-2025-08-15-1516.tsx",
    "update-2025-08-15-1515.tsx",
    "update-2025-08-15-1514.tsx",
    "update-2025-08-15-1513.tsx",
    "update-2025-08-15-1512.tsx",
    "update-2025-08-15-1511.tsx",
    "update-2025-08-15T18-10.tsx",
    "update-2025-08-15-1810.tsx",
    "update-2025-08-15-1509.tsx",
    "update-2025-08-15-1508.tsx",
    "update-2025-08-15-1507.tsx"
  ],
  "metrics": {
    "diversityScore": 100,
    "avgLen": 2102,
    "duplicateCount": 0,
    "seoScore": 9
  },
  "guidance": [
    "Aim for varied intros, highlights, and CTAs across updates.",
    "Keep meta description and keywords present for each page.",
    "Include at least one external source highlight when available.",
    "Target 300–1000 characters per update for skim-ability."
  ]
}