{
  "generatedAt": "2025-08-17T18:52:01.477Z",
  "files": [
    "update-2025-08-17-1552.tsx",
    "update-2025-08-17-1551.tsx",
    "update-2025-08-17T18-51.tsx",
    "update-2025-08-17-1850.tsx",
    "update-2025-08-17-1549.tsx",
    "update-2025-08-17-1548.tsx",
    "update-2025-08-17-1547.tsx",
    "update-2025-08-17-1546.tsx",
    "update-2025-08-17-1545.tsx",
    "update-2025-08-17-1544.tsx",
    "update-2025-08-17-1543.tsx",
    "update-2025-08-17-1542.tsx",
    "update-2025-08-17T18-41.tsx",
    "update-2025-08-17-1541.tsx",
    "update-2025-08-17-1840.tsx",
    "update-2025-08-17-1539.tsx",
    "update-2025-08-17-1538.tsx",
    "update-2025-08-17-1537.tsx",
    "update-2025-08-17-1536.tsx",
    "update-2025-08-17-1535.tsx",
    "update-2025-08-17-1534.tsx",
    "update-2025-08-17-1533.tsx",
    "update-2025-08-17-1532.tsx",
    "update-2025-08-17-1531.tsx",
    "update-2025-08-17T18-31.tsx",
    "update-2025-08-17-1830.tsx",
    "update-2025-08-17-1529.tsx",
    "update-2025-08-17-1528.tsx",
    "update-2025-08-17-1527.tsx",
    "update-2025-08-17-1526.tsx",
    "update-2025-08-17-1525.tsx",
    "update-2025-08-17-1524.tsx",
    "update-2025-08-17-1523.tsx",
    "update-2025-08-17-1522.tsx",
    "update-2025-08-17T18-21.tsx",
    "update-2025-08-17-1521.tsx",
    "update-2025-08-17-1820.tsx",
    "update-2025-08-17-1519.tsx",
    "update-2025-08-17-1518.tsx",
    "update-2025-08-17-1517.tsx",
    "update-2025-08-17-1516.tsx",
    "update-2025-08-17-1515.tsx",
    "update-2025-08-17-1514.tsx",
    "update-2025-08-17-1513.tsx",
    "update-2025-08-17-1512.tsx",
    "update-2025-08-17T18-11.tsx",
    "update-2025-08-17-1511.tsx",
    "update-2025-08-17-1810.tsx",
    "update-2025-08-17-1509.tsx",
    "update-2025-08-17-1508.tsx",
    "update-2025-08-17-1507.tsx",
    "update-2025-08-17-1506.tsx",
    "update-2025-08-17-1505.tsx",
    "update-2025-08-17-1504.tsx",
    "update-2025-08-17-1503.tsx",
    "update-2025-08-17-1459.tsx",
    "update-2025-08-17-1458.tsx",
    "update-2025-08-17-1457.tsx",
    "update-2025-08-17-1456.tsx",
    "update-2025-08-17-1455.tsx",
    "update-2025-08-17-1454.tsx",
    "update-2025-08-17-1453.tsx",
    "update-2025-08-17-1452.tsx",
    "update-2025-08-17-1451.tsx",
    "update-2025-08-17T17-51.tsx",
    "update-2025-08-17-1750.tsx",
    "update-2025-08-17-1449.tsx",
    "update-2025-08-17-1448.tsx",
    "update-2025-08-17-1447.tsx",
    "update-2025-08-17-1446.tsx",
    "update-2025-08-17-1445.tsx",
    "update-2025-08-17-1444.tsx",
    "update-2025-08-17-1443.tsx",
    "update-2025-08-17-1442.tsx",
    "update-2025-08-17-1441.tsx",
    "update-2025-08-17T17-41.tsx",
    "update-2025-08-17-1740.tsx",
    "update-2025-08-17-1439.tsx",
    "update-2025-08-17-1438.tsx",
    "update-2025-08-17-1437.tsx",
    "update-2025-08-17-1436.tsx",
    "update-2025-08-17-1435.tsx",
    "update-2025-08-17-1434.tsx",
    "update-2025-08-17-1433.tsx",
    "update-2025-08-17-1432.tsx",
    "update-2025-08-17-1431.tsx",
    "update-2025-08-17T17-30.tsx",
    "update-2025-08-17-1730.tsx",
    "update-2025-08-17-1429.tsx",
    "update-2025-08-17-1428.tsx",
    "update-2025-08-17-1427.tsx",
    "update-2025-08-17-1426.tsx",
    "update-2025-08-17-1425.tsx",
    "update-2025-08-17-1424.tsx",
    "update-2025-08-17-1423.tsx",
    "update-2025-08-17-1422.tsx",
    "update-2025-08-17-1421.tsx",
    "update-2025-08-17T17-20.tsx",
    "update-2025-08-17-1720.tsx",
    "update-2025-08-17-1419.tsx"
  ],
  "metrics": {
    "diversityScore": 100,
    "avgLen": 2100,
    "duplicateCount": 0,
    "seoScore": 9
  },
  "guidance": [
    "Aim for varied intros, highlights, and CTAs across updates.",
    "Keep meta description and keywords present for each page.",
    "Include at least one external source highlight when available.",
    "Target 300–1000 characters per update for skim-ability."
  ]
}