{
  "generatedAt": "2025-08-15T14:43:01.243Z",
  "files": [
    "update-2025-08-15-1143.tsx",
    "update-2025-08-15-1142.tsx",
    "update-2025-08-15-1141.tsx",
    "update-2025-08-15T14-40.tsx",
    "update-2025-08-15-1440.tsx",
    "update-2025-08-15-1140.tsx",
    "update-2025-08-15-1139.tsx",
    "update-2025-08-15-1138.tsx",
    "update-2025-08-15-1137.tsx",
    "update-2025-08-15-1136.tsx",
    "update-2025-08-15-1135.tsx",
    "update-2025-08-15-1134.tsx",
    "update-2025-08-15-1133.tsx",
    "update-2025-08-15-1132.tsx",
    "update-2025-08-15-1131.tsx",
    "update-2025-08-15T14-30.tsx",
    "update-2025-08-15-1430.tsx",
    "update-2025-08-15-1130.tsx",
    "update-2025-08-15-1129.tsx",
    "update-2025-08-15-1128.tsx",
    "update-2025-08-15-1127.tsx",
    "update-2025-08-15-1126.tsx",
    "update-2025-08-15-1125.tsx",
    "update-2025-08-15-1124.tsx",
    "update-2025-08-15-1123.tsx",
    "update-2025-08-15-1122.tsx",
    "update-2025-08-15-1121.tsx",
    "update-2025-08-15T14-20.tsx",
    "update-2025-08-15-1420.tsx",
    "update-2025-08-15-1120.tsx",
    "update-2025-08-15-1118.tsx",
    "update-2025-08-15-1117.tsx",
    "update-2025-08-15-1116.tsx",
    "update-2025-08-15-1115.tsx",
    "update-2025-08-15-1114.tsx",
    "update-2025-08-15-1113.tsx",
    "update-2025-08-15-1112.tsx",
    "update-2025-08-15-1111.tsx",
    "update-2025-08-15T14-10.tsx",
    "update-2025-08-15-1410.tsx",
    "update-2025-08-15-1110.tsx",
    "update-2025-08-15-1109.tsx",
    "update-2025-08-15-1108.tsx",
    "update-2025-08-15-1058.tsx",
    "update-2025-08-15-1057.tsx",
    "update-2025-08-15-1056.tsx",
    "update-2025-08-15-1055.tsx",
    "update-2025-08-15-1054.tsx",
    "update-2025-08-15-1053.tsx",
    "update-2025-08-15-1052.tsx",
    "update-2025-08-15-1050.tsx",
    "update-2025-08-15-1049.tsx",
    "update-2025-08-15-1048.tsx",
    "update-2025-08-15-1047.tsx",
    "update-2025-08-15-1046.tsx",
    "update-2025-08-15-1045.tsx",
    "update-2025-08-15-1044.tsx",
    "update-2025-08-15-1043.tsx",
    "update-2025-08-15-1042.tsx",
    "update-2025-08-15-1041.tsx",
    "update-2025-08-15T13-40.tsx",
    "update-2025-08-15-1340.tsx",
    "update-2025-08-15-1040.tsx",
    "update-2025-08-15-1039.tsx",
    "update-2025-08-15-1038.tsx",
    "update-2025-08-15-1037.tsx",
    "update-2025-08-15-1036.tsx",
    "update-2025-08-15-1035.tsx",
    "update-2025-08-15-1033.tsx",
    "update-2025-08-15-1032.tsx",
    "update-2025-08-15-1031.tsx",
    "update-2025-08-15T13-30.tsx",
    "update-2025-08-15-1330.tsx",
    "update-2025-08-15-1030.tsx",
    "update-2025-08-15-1029.tsx",
    "update-2025-08-15-1028.tsx",
    "update-2025-08-15-1027.tsx",
    "update-2025-08-15-1025.tsx",
    "update-2025-08-15-1024.tsx",
    "update-2025-08-15-1023.tsx",
    "update-2025-08-15T13-22.tsx",
    "update-2025-08-15-1322.tsx",
    "update-2025-08-15-1022.tsx",
    "update-2025-08-15-1020.tsx",
    "update-2025-08-15-1019.tsx",
    "update-2025-08-15-1018.tsx",
    "update-2025-08-15-1017.tsx",
    "update-2025-08-15-1016.tsx",
    "update-2025-08-15-1015.tsx",
    "update-2025-08-15-1014.tsx",
    "update-2025-08-15-1013.tsx",
    "update-2025-08-15-1012.tsx",
    "update-2025-08-15-1011.tsx",
    "update-2025-08-15T13-10.tsx",
    "update-2025-08-15-1310.tsx",
    "update-2025-08-15-1010.tsx",
    "update-2025-08-15-1009.tsx",
    "update-2025-08-15-1008.tsx",
    "update-2025-08-15-1007.tsx",
    "update-2025-08-15-1006.tsx"
  ],
  "metrics": {
    "diversityScore": 100,
    "avgLen": 2112,
    "duplicateCount": 0,
    "seoScore": 8
  },
  "guidance": [
    "Aim for varied intros, highlights, and CTAs across updates.",
    "Keep meta description and keywords present for each page.",
    "Include at least one external source highlight when available.",
    "Target 300–1000 characters per update for skim-ability."
  ]
}