{
  "generatedAt": "2025-08-15T12:28:01.074Z",
  "files": [
    "update-2025-08-15-0928.tsx",
    "update-2025-08-15-0927.tsx",
    "update-2025-08-15-0926.tsx",
    "update-2025-08-15-0925.tsx",
    "update-2025-08-15-0924.tsx",
    "update-2025-08-15-0923.tsx",
    "update-2025-08-15-0921.tsx",
    "update-2025-08-15T12-20.tsx",
    "update-2025-08-15-1220.tsx",
    "update-2025-08-15-0920.tsx",
    "update-2025-08-15-0919.tsx",
    "update-2025-08-15-0918.tsx",
    "update-2025-08-15-0917.tsx",
    "update-2025-08-15T10-34.tsx",
    "update-2025-08-15-0916.tsx",
    "update-2025-08-15T11-07.tsx",
    "update-2025-08-15T11-19.tsx",
    "update-2025-08-15-0903.tsx",
    "update-2025-08-15-0915.tsx",
    "update-2025-08-15-0914.tsx",
    "update-2025-08-15T12-09.tsx",
    "update-2025-08-15-1209.tsx",
    "update-2025-08-15-1119.tsx",
    "update-2025-08-15-1107.tsx",
    "update-2025-08-15-1034.tsx",
    "update-2025-08-15-0508.tsx",
    "update-2025-08-15-0507.tsx",
    "update-2025-08-15-0458.tsx",
    "update-2025-08-15-0457.tsx",
    "update-2025-08-15-0456.tsx",
    "update-2025-08-15-0455.tsx",
    "update-2025-08-15T09-08.tsx",
    "update-2025-08-15T09-07.tsx",
    "update-2025-08-15-0907.tsx",
    "update-2025-08-15T09-04.tsx",
    "update-2025-08-15-0904.tsx",
    "update-2025-08-15T09-00.tsx",
    "update-2025-08-15-0900.tsx",
    "update-2025-08-15T08-59.tsx",
    "update-2025-08-15-0859.tsx",
    "update-2025-08-15T08-57.tsx",
    "update-2025-08-15-0857.tsx",
    "update-2025-08-15T08-56.tsx",
    "update-2025-08-15-0856.tsx",
    "update-2025-08-15-0554.tsx",
    "update-2025-08-15T08-55.tsx",
    "update-2025-08-15-0855.tsx",
    "update-2025-08-15-0555.tsx",
    "update-2025-08-15T08-53.tsx",
    "update-2025-08-15-0853.tsx",
    "update-2025-08-15-0553.tsx",
    "update-2025-08-15-0552.tsx",
    "update-2025-08-15-0852.tsx",
    "update-2025-08-15T08-51.tsx",
    "update-2025-08-15-0851.tsx",
    "update-2025-08-15T08-50.tsx",
    "update-2025-08-15-0850.tsx",
    "update-2025-08-15-0549.tsx",
    "update-2025-08-15-0551.tsx",
    "update-2025-08-15T08-47.tsx",
    "update-2025-08-15-0847.tsx",
    "update-2025-08-15T08-46.tsx",
    "update-2025-08-15-0846.tsx",
    "update-2025-08-15-0546.tsx",
    "update-2025-08-15-0547.tsx",
    "update-2025-08-15T08-45.tsx",
    "update-2025-08-15-0845.tsx",
    "update-2025-08-15-0545.tsx",
    "update-2025-08-15-0543.tsx",
    "update-2025-08-15-0542.tsx",
    "update-2025-08-15T08-42.tsx",
    "update-2025-08-15-0541.tsx",
    "update-2025-08-15T08-41.tsx",
    "update-2025-08-15-0841.tsx",
    "update-2025-08-15T08-40.tsx",
    "update-2025-08-15-0840.tsx",
    "update-2025-08-15-0838.tsx",
    "update-2025-08-15T08-38.tsx",
    "update-2025-08-15-0537.tsx",
    "update-2025-08-15-0536.tsx",
    "update-2025-08-15T08-34.tsx",
    "update-2025-08-15-0833.tsx",
    "update-2025-08-15-0533.tsx",
    "update-2025-08-15-0532.tsx",
    "update-2025-08-15-0503.tsx",
    "update-2025-08-15T08-32.tsx",
    "update-2025-08-15T08-21.tsx",
    "update-2025-08-15-0821.tsx",
    "update-2025-08-15-0808.tsx",
    "update-2025-08-15T08-08.tsx",
    "update-2025-08-15T08-02.tsx",
    "update-2025-08-15-0802.tsx",
    "update-2025-08-15-0502.tsx",
    "update-2025-08-15T08-01.tsx",
    "update-2025-08-15-0801.tsx",
    "update-2025-08-15-0501.tsx",
    "update-2025-08-15T08-00.tsx",
    "update-2025-08-15-0800.tsx",
    "update-2025-08-15T07-59.tsx",
    "update-2025-08-15-0759.tsx"
  ],
  "metrics": {
    "diversityScore": 100,
    "avgLen": 1908,
    "duplicateCount": 0,
    "seoScore": 29
  },
  "guidance": [
    "Aim for varied intros, highlights, and CTAs across updates.",
    "Keep meta description and keywords present for each page.",
    "Include at least one external source highlight when available.",
    "Target 300–1000 characters per update for skim-ability."
  ]
}