{
  "generatedAt": "2025-08-17T05:45:01.377Z",
  "files": [
    "update-2025-08-17-0245.tsx",
    "update-2025-08-17-0244.tsx",
    "update-2025-08-17-0243.tsx",
    "update-2025-08-17-0242.tsx",
    "update-2025-08-17-0241.tsx",
    "update-2025-08-17T05-40.tsx",
    "update-2025-08-17-0540.tsx",
    "update-2025-08-17-0239.tsx",
    "update-2025-08-17-0238.tsx",
    "update-2025-08-17-0237.tsx",
    "update-2025-08-17-0236.tsx",
    "update-2025-08-17-0235.tsx",
    "update-2025-08-17-0234.tsx",
    "update-2025-08-17-0233.tsx",
    "update-2025-08-17-0232.tsx",
    "update-2025-08-17-0231.tsx",
    "update-2025-08-17T05-30.tsx",
    "update-2025-08-17-0530.tsx",
    "update-2025-08-17-0229.tsx",
    "update-2025-08-17-0228.tsx",
    "update-2025-08-17-0227.tsx",
    "update-2025-08-17-0226.tsx",
    "update-2025-08-17-0225.tsx",
    "update-2025-08-17-0224.tsx",
    "update-2025-08-17-0223.tsx",
    "update-2025-08-17-0222.tsx",
    "update-2025-08-17-0221.tsx",
    "update-2025-08-17T05-20.tsx",
    "update-2025-08-17-0520.tsx",
    "update-2025-08-17-0219.tsx",
    "update-2025-08-17-0218.tsx",
    "update-2025-08-17-0217.tsx",
    "update-2025-08-17-0216.tsx",
    "update-2025-08-17-0215.tsx",
    "update-2025-08-17-0214.tsx",
    "update-2025-08-17-0213.tsx",
    "update-2025-08-17-0212.tsx",
    "update-2025-08-17-0211.tsx",
    "update-2025-08-17T05-10.tsx",
    "update-2025-08-17-0510.tsx",
    "update-2025-08-17-0209.tsx",
    "update-2025-08-17-0208.tsx",
    "update-2025-08-17-0207.tsx",
    "update-2025-08-17-0206.tsx",
    "update-2025-08-17-0205.tsx",
    "update-2025-08-17-0204.tsx",
    "update-2025-08-17-0203.tsx",
    "update-2025-08-17-0202.tsx",
    "update-2025-08-17-0201.tsx",
    "update-2025-08-17T05-00.tsx",
    "update-2025-08-17-0500.tsx",
    "update-2025-08-17-0159.tsx",
    "update-2025-08-17-0158.tsx",
    "update-2025-08-17-0157.tsx",
    "update-2025-08-17-0156.tsx",
    "update-2025-08-17-0155.tsx",
    "update-2025-08-17-0154.tsx",
    "update-2025-08-17-0153.tsx",
    "update-2025-08-17-0152.tsx",
    "update-2025-08-17-0151.tsx",
    "update-2025-08-17T04-50.tsx",
    "update-2025-08-17-0450.tsx",
    "update-2025-08-17-0149.tsx",
    "update-2025-08-17-0148.tsx",
    "update-2025-08-17-0147.tsx",
    "update-2025-08-17-0146.tsx",
    "update-2025-08-17-0145.tsx",
    "update-2025-08-17-0144.tsx",
    "update-2025-08-17-0143.tsx",
    "update-2025-08-17-0142.tsx",
    "update-2025-08-17-0141.tsx",
    "update-2025-08-17T04-40.tsx",
    "update-2025-08-17-0440.tsx",
    "update-2025-08-17-0139.tsx",
    "update-2025-08-17-0138.tsx",
    "update-2025-08-17-0137.tsx",
    "update-2025-08-17-0136.tsx",
    "update-2025-08-17-0135.tsx",
    "update-2025-08-17-0134.tsx",
    "update-2025-08-17-0133.tsx",
    "update-2025-08-17-0132.tsx",
    "update-2025-08-17-0131.tsx",
    "update-2025-08-17T04-30.tsx",
    "update-2025-08-17-0430.tsx",
    "update-2025-08-17-0129.tsx",
    "update-2025-08-17-0128.tsx",
    "update-2025-08-17-0127.tsx",
    "update-2025-08-17-0126.tsx",
    "update-2025-08-17-0125.tsx",
    "update-2025-08-17-0124.tsx",
    "update-2025-08-17-0123.tsx",
    "update-2025-08-17-0122.tsx",
    "update-2025-08-17-0121.tsx",
    "update-2025-08-17T04-20.tsx",
    "update-2025-08-17-0420.tsx",
    "update-2025-08-17-0119.tsx",
    "update-2025-08-17-0118.tsx",
    "update-2025-08-17-0117.tsx",
    "update-2025-08-17-0116.tsx",
    "update-2025-08-17-0115.tsx"
  ],
  "metrics": {
    "diversityScore": 100,
    "avgLen": 2105,
    "duplicateCount": 0,
    "seoScore": 9
  },
  "guidance": [
    "Aim for varied intros, highlights, and CTAs across updates.",
    "Keep meta description and keywords present for each page.",
    "Include at least one external source highlight when available.",
    "Target 300–1000 characters per update for skim-ability."
  ]
}