{
  "generatedAt": "2025-08-15T22:14:01.331Z",
  "files": [
    "update-2025-08-15-1914.tsx",
    "update-2025-08-15-1913.tsx",
    "update-2025-08-15-1912.tsx",
    "update-2025-08-15-1911.tsx",
    "update-2025-08-15T22-10.tsx",
    "update-2025-08-15-2210.tsx",
    "update-2025-08-15-1909.tsx",
    "update-2025-08-15-1908.tsx",
    "update-2025-08-15-1907.tsx",
    "update-2025-08-15-1906.tsx",
    "update-2025-08-15-1905.tsx",
    "update-2025-08-15-1904.tsx",
    "update-2025-08-15-1903.tsx",
    "update-2025-08-15-1902.tsx",
    "update-2025-08-15-1901.tsx",
    "update-2025-08-15T22-00.tsx",
    "update-2025-08-15-2200.tsx",
    "update-2025-08-15-1859.tsx",
    "update-2025-08-15-1858.tsx",
    "update-2025-08-15-1857.tsx",
    "update-2025-08-15-1856.tsx",
    "update-2025-08-15-1855.tsx",
    "update-2025-08-15-1854.tsx",
    "update-2025-08-15-1853.tsx",
    "update-2025-08-15-1852.tsx",
    "update-2025-08-15-1851.tsx",
    "update-2025-08-15T21-50.tsx",
    "update-2025-08-15-2150.tsx",
    "update-2025-08-15-1849.tsx",
    "update-2025-08-15-1848.tsx",
    "update-2025-08-15-1847.tsx",
    "update-2025-08-15-1846.tsx",
    "update-2025-08-15-1845.tsx",
    "update-2025-08-15-1844.tsx",
    "update-2025-08-15-1843.tsx",
    "update-2025-08-15-1841.tsx",
    "update-2025-08-15T21-40.tsx",
    "update-2025-08-15-2140.tsx",
    "update-2025-08-15-1839.tsx",
    "update-2025-08-15-1838.tsx",
    "update-2025-08-15-1837.tsx",
    "update-2025-08-15-1836.tsx",
    "update-2025-08-15-1835.tsx",
    "update-2025-08-15-1834.tsx",
    "update-2025-08-15-1833.tsx",
    "update-2025-08-15-1832.tsx",
    "update-2025-08-15-1831.tsx",
    "update-2025-08-15T21-30.tsx",
    "update-2025-08-15-2130.tsx",
    "update-2025-08-15-1829.tsx",
    "update-2025-08-15-1828.tsx",
    "update-2025-08-15-1827.tsx",
    "update-2025-08-15-1826.tsx",
    "update-2025-08-15-1825.tsx",
    "update-2025-08-15-1824.tsx",
    "update-2025-08-15-1823.tsx",
    "update-2025-08-15-1822.tsx",
    "update-2025-08-15-1821.tsx",
    "update-2025-08-15T21-20.tsx",
    "update-2025-08-15-2120.tsx",
    "update-2025-08-15-1819.tsx",
    "update-2025-08-15-1818.tsx",
    "update-2025-08-15-1817.tsx",
    "update-2025-08-15-1816.tsx",
    "update-2025-08-15-1815.tsx",
    "update-2025-08-15-1814.tsx",
    "update-2025-08-15-1813.tsx",
    "update-2025-08-15-1812.tsx",
    "update-2025-08-15-1811.tsx",
    "update-2025-08-15T21-10.tsx",
    "update-2025-08-15-2110.tsx",
    "update-2025-08-15-1809.tsx",
    "update-2025-08-15-1808.tsx",
    "update-2025-08-15-1807.tsx",
    "update-2025-08-15-1806.tsx",
    "update-2025-08-15-1805.tsx",
    "update-2025-08-15-1804.tsx",
    "update-2025-08-15-1803.tsx",
    "update-2025-08-15-1802.tsx",
    "update-2025-08-15-1801.tsx",
    "update-2025-08-15T21-00.tsx",
    "update-2025-08-15-2100.tsx",
    "update-2025-08-15-1759.tsx",
    "update-2025-08-15-1758.tsx",
    "update-2025-08-15-1757.tsx",
    "update-2025-08-15-1756.tsx",
    "update-2025-08-15-1755.tsx",
    "update-2025-08-15-1754.tsx",
    "update-2025-08-15-1753.tsx",
    "update-2025-08-15-1752.tsx",
    "update-2025-08-15-1751.tsx",
    "update-2025-08-15T20-50.tsx",
    "update-2025-08-15-2050.tsx",
    "update-2025-08-15-1749.tsx",
    "update-2025-08-15-1748.tsx",
    "update-2025-08-15-1747.tsx",
    "update-2025-08-15-1746.tsx",
    "update-2025-08-15-1745.tsx",
    "update-2025-08-15-1744.tsx",
    "update-2025-08-15-1743.tsx"
  ],
  "metrics": {
    "diversityScore": 100,
    "avgLen": 2103,
    "duplicateCount": 0,
    "seoScore": 9
  },
  "guidance": [
    "Aim for varied intros, highlights, and CTAs across updates.",
    "Keep meta description and keywords present for each page.",
    "Include at least one external source highlight when available.",
    "Target 300–1000 characters per update for skim-ability."
  ]
}