{
  "generatedAt": "2025-08-15T02:06:01.264Z",
  "files": [
    "update-2025-08-14-2306.tsx",
    "update-2025-08-14-2305.tsx",
    "update-2025-08-15T02-01.tsx",
    "update-2025-08-15T02-00.tsx",
    "update-2025-08-15-0201.tsx",
    "update-2025-08-15-0200.tsx",
    "update-2025-08-14-2304.tsx",
    "update-2025-08-14-2303.tsx",
    "update-2025-08-14-2302.tsx",
    "update-2025-08-14-2301.tsx",
    "update-2025-08-14-2300.tsx",
    "update-2025-08-14-2259.tsx",
    "update-2025-08-15T01-58.tsx",
    "update-2025-08-14-2258.tsx",
    "update-2025-08-14-2257.tsx",
    "update-2025-08-15T01-54.tsx",
    "update-2025-08-15T01-53.tsx",
    "update-2025-08-15-0156.tsx",
    "update-2025-08-15-0154.tsx",
    "update-2025-08-15-0153.tsx",
    "update-2025-08-14T21-54.tsx",
    "update-2025-08-14T21-53.tsx",
    "update-2025-08-14T21-49.tsx",
    "update-2025-08-14T21-48.tsx",
    "update-2025-08-14T21-39.tsx",
    "update-2025-08-14T21-38.tsx",
    "update-2025-08-14T21-37.tsx",
    "update-2025-08-14T21-36.tsx",
    "update-2025-08-14T21-35.tsx",
    "update-2025-08-14T21-34.tsx",
    "update-2025-08-14T21-30.tsx",
    "update-2025-08-14-2256.tsx",
    "update-2025-08-14-2255.tsx",
    "update-2025-08-14-2254.tsx",
    "update-2025-08-14-2253.tsx",
    "update-2025-08-14-2252.tsx",
    "update-2025-08-14-2251.tsx",
    "update-2025-08-14-2154.tsx",
    "update-2025-08-14-2153.tsx",
    "update-2025-08-14-2149.tsx",
    "update-2025-08-14-2148.tsx",
    "update-2025-08-14-2139.tsx",
    "update-2025-08-14-2138.tsx",
    "update-2025-08-14-2137.tsx",
    "update-2025-08-14-2136.tsx",
    "update-2025-08-14-2135.tsx",
    "update-2025-08-14-2134.tsx",
    "update-2025-08-14-2130.tsx",
    "update-2025-08-14-1854.tsx",
    "update-2025-08-14-1853.tsx",
    "update-2025-08-14-1851.tsx",
    "update-2025-08-14-1849.tsx",
    "update-2025-08-14-1848.tsx",
    "update-2025-08-14-1839.tsx",
    "update-2025-08-14-1838.tsx",
    "update-2025-08-14-1837.tsx",
    "update-2025-08-14-1836.tsx",
    "update-2025-08-14-1835.tsx",
    "update-2025-08-14-1834.tsx",
    "update-2025-08-14-1833.tsx",
    "update-2025-08-14-1832.tsx",
    "update-2025-08-14-1831.tsx",
    "update-2025-08-14-1830.tsx",
    "update-2025-08-14-1829.tsx",
    "update-2025-08-14-1824.tsx",
    "update-2025-08-14-1823.tsx",
    "update-2025-08-14-1816.tsx",
    "update-2025-08-14-1815.tsx",
    "update-2025-08-14-1814.tsx"
  ],
  "metrics": {
    "diversityScore": 100,
    "avgLen": 1971,
    "duplicateCount": 0,
    "seoScore": 23
  },
  "guidance": [
    "Aim for varied intros, highlights, and CTAs across updates.",
    "Keep meta description and keywords present for each page.",
    "Include at least one external source highlight when available.",
    "Target 300–1000 characters per update for skim-ability."
  ]
}