{
  "generatedAt": "2025-08-17T02:31:01.407Z",
  "files": [
    "update-2025-08-16-2331.tsx",
    "update-2025-08-17T02-30.tsx",
    "update-2025-08-17-0230.tsx",
    "update-2025-08-16-2329.tsx",
    "update-2025-08-16-2328.tsx",
    "update-2025-08-16-2327.tsx",
    "update-2025-08-16-2326.tsx",
    "update-2025-08-16-2325.tsx",
    "update-2025-08-16-2324.tsx",
    "update-2025-08-16-2323.tsx",
    "update-2025-08-16-2322.tsx",
    "update-2025-08-16-2321.tsx",
    "update-2025-08-17T02-20.tsx",
    "update-2025-08-17-0220.tsx",
    "update-2025-08-16-2319.tsx",
    "update-2025-08-16-2318.tsx",
    "update-2025-08-16-2317.tsx",
    "update-2025-08-16-2316.tsx",
    "update-2025-08-16-2315.tsx",
    "update-2025-08-16-2314.tsx",
    "update-2025-08-16-2313.tsx",
    "update-2025-08-16-2312.tsx",
    "update-2025-08-16-2311.tsx",
    "update-2025-08-17T02-10.tsx",
    "update-2025-08-17-0210.tsx",
    "update-2025-08-16-2309.tsx",
    "update-2025-08-16-2308.tsx",
    "update-2025-08-16-2307.tsx",
    "update-2025-08-16-2306.tsx",
    "update-2025-08-16-2305.tsx",
    "update-2025-08-16-2304.tsx",
    "update-2025-08-16-2303.tsx",
    "update-2025-08-16-2302.tsx",
    "update-2025-08-16-2301.tsx",
    "update-2025-08-17T02-00.tsx",
    "update-2025-08-17-0200.tsx",
    "update-2025-08-16-2259.tsx",
    "update-2025-08-16-2258.tsx",
    "update-2025-08-16-2257.tsx",
    "update-2025-08-16-2256.tsx",
    "update-2025-08-16-2255.tsx",
    "update-2025-08-16-2254.tsx",
    "update-2025-08-16-2253.tsx",
    "update-2025-08-16-2252.tsx",
    "update-2025-08-16-2251.tsx",
    "update-2025-08-17T01-50.tsx",
    "update-2025-08-17-0150.tsx",
    "update-2025-08-16-2249.tsx",
    "update-2025-08-16-2248.tsx",
    "update-2025-08-16-2247.tsx",
    "update-2025-08-16-2246.tsx",
    "update-2025-08-16-2245.tsx",
    "update-2025-08-16-2244.tsx",
    "update-2025-08-16-2243.tsx",
    "update-2025-08-16-2242.tsx",
    "update-2025-08-16-2241.tsx",
    "update-2025-08-17T01-40.tsx",
    "update-2025-08-17-0140.tsx",
    "update-2025-08-16-2239.tsx",
    "update-2025-08-16-2238.tsx",
    "update-2025-08-16-2237.tsx",
    "update-2025-08-16-2235.tsx",
    "update-2025-08-16-2234.tsx",
    "update-2025-08-16-2233.tsx",
    "update-2025-08-16-2232.tsx",
    "update-2025-08-16-2231.tsx",
    "update-2025-08-17T01-30.tsx",
    "update-2025-08-17-0130.tsx",
    "update-2025-08-16-2229.tsx",
    "update-2025-08-16-2228.tsx",
    "update-2025-08-16-2227.tsx",
    "update-2025-08-16-2226.tsx",
    "update-2025-08-16-2225.tsx",
    "update-2025-08-16-2224.tsx",
    "update-2025-08-16-2223.tsx",
    "update-2025-08-16-2222.tsx",
    "update-2025-08-16-2221.tsx",
    "update-2025-08-17T01-20.tsx",
    "update-2025-08-17-0120.tsx",
    "update-2025-08-16-2219.tsx",
    "update-2025-08-16-2218.tsx",
    "update-2025-08-16-2217.tsx",
    "update-2025-08-16-2216.tsx",
    "update-2025-08-16-2215.tsx",
    "update-2025-08-16-2214.tsx",
    "update-2025-08-16-2213.tsx",
    "update-2025-08-16-2212.tsx",
    "update-2025-08-16-2211.tsx",
    "update-2025-08-17T01-10.tsx",
    "update-2025-08-17-0110.tsx",
    "update-2025-08-16-2209.tsx",
    "update-2025-08-16-2208.tsx",
    "update-2025-08-16-2207.tsx",
    "update-2025-08-16-2206.tsx",
    "update-2025-08-16-2205.tsx",
    "update-2025-08-16-2204.tsx",
    "update-2025-08-16-2203.tsx",
    "update-2025-08-16-2202.tsx",
    "update-2025-08-16-2201.tsx",
    "update-2025-08-17T01-00.tsx"
  ],
  "metrics": {
    "diversityScore": 100,
    "avgLen": 2103,
    "duplicateCount": 0,
    "seoScore": 9
  },
  "guidance": [
    "Aim for varied intros, highlights, and CTAs across updates.",
    "Keep meta description and keywords present for each page.",
    "Include at least one external source highlight when available.",
    "Target 300–1000 characters per update for skim-ability."
  ]
}