{
  "generatedAt": "2025-08-17T03:36:01.486Z",
  "files": [
    "update-2025-08-17-0036.tsx",
    "update-2025-08-17-0035.tsx",
    "update-2025-08-17-0034.tsx",
    "update-2025-08-17-0033.tsx",
    "update-2025-08-17-0032.tsx",
    "update-2025-08-17-0031.tsx",
    "update-2025-08-17T03-30.tsx",
    "update-2025-08-17-0330.tsx",
    "update-2025-08-17-0029.tsx",
    "update-2025-08-17-0028.tsx",
    "update-2025-08-17-0027.tsx",
    "update-2025-08-17-0026.tsx",
    "update-2025-08-17-0025.tsx",
    "update-2025-08-17-0024.tsx",
    "update-2025-08-17-0023.tsx",
    "update-2025-08-17-0022.tsx",
    "update-2025-08-17-0021.tsx",
    "update-2025-08-17T03-20.tsx",
    "update-2025-08-17-0320.tsx",
    "update-2025-08-17-0019.tsx",
    "update-2025-08-17-0018.tsx",
    "update-2025-08-17-0017.tsx",
    "update-2025-08-17-0016.tsx",
    "update-2025-08-17-0015.tsx",
    "update-2025-08-17-0014.tsx",
    "update-2025-08-17-0013.tsx",
    "update-2025-08-17-0012.tsx",
    "update-2025-08-17-0011.tsx",
    "update-2025-08-17T03-10.tsx",
    "update-2025-08-17-0310.tsx",
    "update-2025-08-17-0009.tsx",
    "update-2025-08-17-0008.tsx",
    "update-2025-08-17-0007.tsx",
    "update-2025-08-17-0006.tsx",
    "update-2025-08-17-0005.tsx",
    "update-2025-08-17-0004.tsx",
    "update-2025-08-17-0003.tsx",
    "update-2025-08-17-0002.tsx",
    "update-2025-08-17-0001.tsx",
    "update-2025-08-17T03-00.tsx",
    "update-2025-08-17-0300.tsx",
    "update-2025-08-16-2359.tsx",
    "update-2025-08-16-2358.tsx",
    "update-2025-08-16-2357.tsx",
    "update-2025-08-16-2356.tsx",
    "update-2025-08-16-2355.tsx",
    "update-2025-08-16-2354.tsx",
    "update-2025-08-16-2353.tsx",
    "update-2025-08-16-2352.tsx",
    "update-2025-08-16-2351.tsx",
    "update-2025-08-17T02-50.tsx",
    "update-2025-08-17-0250.tsx",
    "update-2025-08-16-2349.tsx",
    "update-2025-08-16-2348.tsx",
    "update-2025-08-16-2347.tsx",
    "update-2025-08-16-2346.tsx",
    "update-2025-08-16-2345.tsx",
    "update-2025-08-16-2344.tsx",
    "update-2025-08-16-2343.tsx",
    "update-2025-08-16-2342.tsx",
    "update-2025-08-16-2341.tsx",
    "update-2025-08-17T02-40.tsx",
    "update-2025-08-17-0240.tsx",
    "update-2025-08-16-2339.tsx",
    "update-2025-08-16-2338.tsx",
    "update-2025-08-16-2337.tsx",
    "update-2025-08-16-2336.tsx",
    "update-2025-08-16-2335.tsx",
    "update-2025-08-16-2334.tsx",
    "update-2025-08-16-2333.tsx",
    "update-2025-08-16-2332.tsx",
    "update-2025-08-16-2331.tsx",
    "update-2025-08-17T02-30.tsx",
    "update-2025-08-17-0230.tsx",
    "update-2025-08-16-2329.tsx",
    "update-2025-08-16-2328.tsx",
    "update-2025-08-16-2327.tsx",
    "update-2025-08-16-2326.tsx",
    "update-2025-08-16-2325.tsx",
    "update-2025-08-16-2324.tsx",
    "update-2025-08-16-2323.tsx",
    "update-2025-08-16-2322.tsx",
    "update-2025-08-16-2321.tsx",
    "update-2025-08-17T02-20.tsx",
    "update-2025-08-17-0220.tsx",
    "update-2025-08-16-2319.tsx",
    "update-2025-08-16-2318.tsx",
    "update-2025-08-16-2317.tsx",
    "update-2025-08-16-2316.tsx",
    "update-2025-08-16-2315.tsx",
    "update-2025-08-16-2314.tsx",
    "update-2025-08-16-2313.tsx",
    "update-2025-08-16-2312.tsx",
    "update-2025-08-16-2311.tsx",
    "update-2025-08-17T02-10.tsx",
    "update-2025-08-17-0210.tsx",
    "update-2025-08-16-2309.tsx",
    "update-2025-08-16-2308.tsx",
    "update-2025-08-16-2307.tsx",
    "update-2025-08-16-2306.tsx"
  ],
  "metrics": {
    "diversityScore": 100,
    "avgLen": 2108,
    "duplicateCount": 0,
    "seoScore": 9
  },
  "guidance": [
    "Aim for varied intros, highlights, and CTAs across updates.",
    "Keep meta description and keywords present for each page.",
    "Include at least one external source highlight when available.",
    "Target 300–1000 characters per update for skim-ability."
  ]
}