{
  "generatedAt": "2025-08-15T18:43:01.184Z",
  "files": [
    "update-2025-08-15-1543.tsx",
    "update-2025-08-15-1542.tsx",
    "update-2025-08-15-1541.tsx",
    "update-2025-08-15T18-40.tsx",
    "update-2025-08-15-1840.tsx",
    "update-2025-08-15-1539.tsx",
    "update-2025-08-15-1538.tsx",
    "update-2025-08-15-1537.tsx",
    "update-2025-08-15-1536.tsx",
    "update-2025-08-15-1535.tsx",
    "update-2025-08-15-1533.tsx",
    "update-2025-08-15-1532.tsx",
    "update-2025-08-15-1531.tsx",
    "update-2025-08-15T18-30.tsx",
    "update-2025-08-15-1830.tsx",
    "update-2025-08-15-1529.tsx",
    "update-2025-08-15-1528.tsx",
    "update-2025-08-15-1527.tsx",
    "update-2025-08-15-1526.tsx",
    "update-2025-08-15-1525.tsx",
    "update-2025-08-15-1524.tsx",
    "update-2025-08-15-1523.tsx",
    "update-2025-08-15-1522.tsx",
    "update-2025-08-15-1521.tsx",
    "update-2025-08-15T18-20.tsx",
    "update-2025-08-15-1820.tsx",
    "update-2025-08-15-1519.tsx",
    "update-2025-08-15-1518.tsx",
    "update-2025-08-15-1517.tsx",
    "update-2025-08-15-1516.tsx",
    "update-2025-08-15-1515.tsx",
    "update-2025-08-15-1514.tsx",
    "update-2025-08-15-1513.tsx",
    "update-2025-08-15-1512.tsx",
    "update-2025-08-15-1511.tsx",
    "update-2025-08-15T18-10.tsx",
    "update-2025-08-15-1810.tsx",
    "update-2025-08-15-1509.tsx",
    "update-2025-08-15-1508.tsx",
    "update-2025-08-15-1507.tsx",
    "update-2025-08-15-1506.tsx",
    "update-2025-08-15-1505.tsx",
    "update-2025-08-15-1504.tsx",
    "update-2025-08-15-1503.tsx",
    "update-2025-08-15-1502.tsx",
    "update-2025-08-15-1501.tsx",
    "update-2025-08-15T18-00.tsx",
    "update-2025-08-15-1800.tsx",
    "update-2025-08-15-1459.tsx",
    "update-2025-08-15-1458.tsx",
    "update-2025-08-15-1457.tsx",
    "update-2025-08-15-1456.tsx",
    "update-2025-08-15-1455.tsx",
    "update-2025-08-15-1454.tsx",
    "update-2025-08-15-1453.tsx",
    "update-2025-08-15-1452.tsx",
    "update-2025-08-15-1451.tsx",
    "update-2025-08-15T17-50.tsx",
    "update-2025-08-15-1750.tsx",
    "update-2025-08-15-1449.tsx",
    "update-2025-08-15-1448.tsx",
    "update-2025-08-15-1447.tsx",
    "update-2025-08-15-1446.tsx",
    "update-2025-08-15-1445.tsx",
    "update-2025-08-15-1444.tsx",
    "update-2025-08-15-1443.tsx",
    "update-2025-08-15-1442.tsx",
    "update-2025-08-15-1441.tsx",
    "update-2025-08-15T17-40.tsx",
    "update-2025-08-15-1740.tsx",
    "update-2025-08-15-1439.tsx",
    "update-2025-08-15-1438.tsx",
    "update-2025-08-15-1437.tsx",
    "update-2025-08-15-1436.tsx",
    "update-2025-08-15-1435.tsx",
    "update-2025-08-15-1434.tsx",
    "update-2025-08-15-1433.tsx",
    "update-2025-08-15-1432.tsx",
    "update-2025-08-15-1431.tsx",
    "update-2025-08-15T17-30.tsx",
    "update-2025-08-15-1730.tsx",
    "update-2025-08-15-1429.tsx",
    "update-2025-08-15-1428.tsx",
    "update-2025-08-15-1427.tsx",
    "update-2025-08-15-1426.tsx",
    "update-2025-08-15-1425.tsx",
    "update-2025-08-15-1424.tsx",
    "update-2025-08-15-1423.tsx",
    "update-2025-08-15-1422.tsx",
    "update-2025-08-15-1421.tsx",
    "update-2025-08-15T17-20.tsx",
    "update-2025-08-15-1720.tsx",
    "update-2025-08-15-1419.tsx",
    "update-2025-08-15-1418.tsx",
    "update-2025-08-15-1417.tsx",
    "update-2025-08-15-1416.tsx",
    "update-2025-08-15-1415.tsx",
    "update-2025-08-15-1414.tsx",
    "update-2025-08-15-1413.tsx",
    "update-2025-08-15-1412.tsx"
  ],
  "metrics": {
    "diversityScore": 100,
    "avgLen": 2102,
    "duplicateCount": 0,
    "seoScore": 9
  },
  "guidance": [
    "Aim for varied intros, highlights, and CTAs across updates.",
    "Keep meta description and keywords present for each page.",
    "Include at least one external source highlight when available.",
    "Target 300–1000 characters per update for skim-ability."
  ]
}