{
  "generatedAt": "2025-08-15T18:01:01.365Z",
  "files": [
    "update-2025-08-15-1501.tsx",
    "update-2025-08-15T18-00.tsx",
    "update-2025-08-15-1800.tsx",
    "update-2025-08-15-1459.tsx",
    "update-2025-08-15-1458.tsx",
    "update-2025-08-15-1457.tsx",
    "update-2025-08-15-1456.tsx",
    "update-2025-08-15-1455.tsx",
    "update-2025-08-15-1454.tsx",
    "update-2025-08-15-1453.tsx",
    "update-2025-08-15-1452.tsx",
    "update-2025-08-15-1451.tsx",
    "update-2025-08-15T17-50.tsx",
    "update-2025-08-15-1750.tsx",
    "update-2025-08-15-1449.tsx",
    "update-2025-08-15-1448.tsx",
    "update-2025-08-15-1447.tsx",
    "update-2025-08-15-1446.tsx",
    "update-2025-08-15-1445.tsx",
    "update-2025-08-15-1444.tsx",
    "update-2025-08-15-1443.tsx",
    "update-2025-08-15-1442.tsx",
    "update-2025-08-15-1441.tsx",
    "update-2025-08-15T17-40.tsx",
    "update-2025-08-15-1740.tsx",
    "update-2025-08-15-1439.tsx",
    "update-2025-08-15-1438.tsx",
    "update-2025-08-15-1437.tsx",
    "update-2025-08-15-1436.tsx",
    "update-2025-08-15-1435.tsx",
    "update-2025-08-15-1434.tsx",
    "update-2025-08-15-1433.tsx",
    "update-2025-08-15-1432.tsx",
    "update-2025-08-15-1431.tsx",
    "update-2025-08-15T17-30.tsx",
    "update-2025-08-15-1730.tsx",
    "update-2025-08-15-1429.tsx",
    "update-2025-08-15-1428.tsx",
    "update-2025-08-15-1427.tsx",
    "update-2025-08-15-1426.tsx",
    "update-2025-08-15-1425.tsx",
    "update-2025-08-15-1424.tsx",
    "update-2025-08-15-1423.tsx",
    "update-2025-08-15-1422.tsx",
    "update-2025-08-15-1421.tsx",
    "update-2025-08-15T17-20.tsx",
    "update-2025-08-15-1720.tsx",
    "update-2025-08-15-1419.tsx",
    "update-2025-08-15-1418.tsx",
    "update-2025-08-15-1417.tsx",
    "update-2025-08-15-1416.tsx",
    "update-2025-08-15-1415.tsx",
    "update-2025-08-15-1414.tsx",
    "update-2025-08-15-1413.tsx",
    "update-2025-08-15-1412.tsx",
    "update-2025-08-15-1411.tsx",
    "update-2025-08-15T17-10.tsx",
    "update-2025-08-15-1710.tsx",
    "update-2025-08-15-1409.tsx",
    "update-2025-08-15-1408.tsx",
    "update-2025-08-15-1407.tsx",
    "update-2025-08-15-1406.tsx",
    "update-2025-08-15-1405.tsx",
    "update-2025-08-15-1404.tsx",
    "update-2025-08-15-1403.tsx",
    "update-2025-08-15-1402.tsx",
    "update-2025-08-15-1401.tsx",
    "update-2025-08-15T17-00.tsx",
    "update-2025-08-15-1700.tsx",
    "update-2025-08-15-1400.tsx",
    "update-2025-08-15-1359.tsx",
    "update-2025-08-15-1358.tsx",
    "update-2025-08-15-1357.tsx",
    "update-2025-08-15-1356.tsx",
    "update-2025-08-15-1355.tsx",
    "update-2025-08-15-1354.tsx",
    "update-2025-08-15-1353.tsx",
    "update-2025-08-15-1352.tsx",
    "update-2025-08-15-1351.tsx",
    "update-2025-08-15T16-50.tsx",
    "update-2025-08-15-1650.tsx",
    "update-2025-08-15-1350.tsx",
    "update-2025-08-15-1349.tsx",
    "update-2025-08-15-1348.tsx",
    "update-2025-08-15-1347.tsx",
    "update-2025-08-15-1346.tsx",
    "update-2025-08-15-1345.tsx",
    "update-2025-08-15-1344.tsx",
    "update-2025-08-15-1343.tsx",
    "update-2025-08-15-1342.tsx",
    "update-2025-08-15-1341.tsx",
    "update-2025-08-15T16-40.tsx",
    "update-2025-08-15-1640.tsx",
    "update-2025-08-15-1339.tsx",
    "update-2025-08-15-1338.tsx",
    "update-2025-08-15-1337.tsx",
    "update-2025-08-15-1336.tsx",
    "update-2025-08-15-1335.tsx",
    "update-2025-08-15-1334.tsx",
    "update-2025-08-15-1333.tsx"
  ],
  "metrics": {
    "diversityScore": 100,
    "avgLen": 2097,
    "duplicateCount": 0,
    "seoScore": 9
  },
  "guidance": [
    "Aim for varied intros, highlights, and CTAs across updates.",
    "Keep meta description and keywords present for each page.",
    "Include at least one external source highlight when available.",
    "Target 300–1000 characters per update for skim-ability."
  ]
}