{
  "generatedAt": "2025-08-15T23:47:01.229Z",
  "files": [
    "update-2025-08-15-2047.tsx",
    "update-2025-08-15-2046.tsx",
    "update-2025-08-15-2045.tsx",
    "update-2025-08-15-2044.tsx",
    "update-2025-08-15-2043.tsx",
    "update-2025-08-15-2042.tsx",
    "update-2025-08-15-2041.tsx",
    "update-2025-08-15T23-40.tsx",
    "update-2025-08-15-2340.tsx",
    "update-2025-08-15-2039.tsx",
    "update-2025-08-15-2038.tsx",
    "update-2025-08-15-2037.tsx",
    "update-2025-08-15-2036.tsx",
    "update-2025-08-15-2034.tsx",
    "update-2025-08-15-2033.tsx",
    "update-2025-08-15-2032.tsx",
    "update-2025-08-15-2031.tsx",
    "update-2025-08-15T23-30.tsx",
    "update-2025-08-15-2330.tsx",
    "update-2025-08-15-2029.tsx",
    "update-2025-08-15-2028.tsx",
    "update-2025-08-15-2027.tsx",
    "update-2025-08-15-2026.tsx",
    "update-2025-08-15-2025.tsx",
    "update-2025-08-15-2024.tsx",
    "update-2025-08-15-2023.tsx",
    "update-2025-08-15-2022.tsx",
    "update-2025-08-15-2021.tsx",
    "update-2025-08-15T23-20.tsx",
    "update-2025-08-15-2320.tsx",
    "update-2025-08-15-2019.tsx",
    "update-2025-08-15-2018.tsx",
    "update-2025-08-15-2017.tsx",
    "update-2025-08-15-2016.tsx",
    "update-2025-08-15-2015.tsx",
    "update-2025-08-15-2014.tsx",
    "update-2025-08-15-2013.tsx",
    "update-2025-08-15-2012.tsx",
    "update-2025-08-15-2004.tsx",
    "update-2025-08-15-2003.tsx",
    "update-2025-08-15-2002.tsx",
    "update-2025-08-15-2001.tsx",
    "update-2025-08-15T23-00.tsx",
    "update-2025-08-15-2300.tsx",
    "update-2025-08-15-1959.tsx",
    "update-2025-08-15-1958.tsx",
    "update-2025-08-15-1957.tsx",
    "update-2025-08-15-1956.tsx",
    "update-2025-08-15-1955.tsx",
    "update-2025-08-15-1954.tsx",
    "update-2025-08-15-1953.tsx",
    "update-2025-08-15-1952.tsx",
    "update-2025-08-15T22-50.tsx",
    "update-2025-08-15-2250.tsx",
    "update-2025-08-15-1949.tsx",
    "update-2025-08-15-1948.tsx",
    "update-2025-08-15-1947.tsx",
    "update-2025-08-15-1946.tsx",
    "update-2025-08-15-1322.tsx",
    "update-2025-08-15-1945.tsx",
    "update-2025-08-15-1944.tsx",
    "update-2025-08-15-1943.tsx",
    "update-2025-08-15-1942.tsx",
    "update-2025-08-15-1941.tsx",
    "update-2025-08-15T22-40.tsx",
    "update-2025-08-15-2240.tsx",
    "update-2025-08-15-1939.tsx",
    "update-2025-08-15-1938.tsx",
    "update-2025-08-15-1937.tsx",
    "update-2025-08-15-1936.tsx",
    "update-2025-08-15-1935.tsx",
    "update-2025-08-15-1934.tsx",
    "update-2025-08-15-1933.tsx",
    "update-2025-08-15-1932.tsx",
    "update-2025-08-15-1931.tsx",
    "update-2025-08-15T22-30.tsx",
    "update-2025-08-15-2230.tsx",
    "update-2025-08-15-1929.tsx",
    "update-2025-08-15-1928.tsx",
    "update-2025-08-15-1927.tsx",
    "update-2025-08-15-1926.tsx",
    "update-2025-08-15-1925.tsx",
    "update-2025-08-15-1924.tsx",
    "update-2025-08-15-1923.tsx",
    "update-2025-08-15-1922.tsx",
    "update-2025-08-15-1921.tsx",
    "update-2025-08-15T22-20.tsx",
    "update-2025-08-15-2220.tsx",
    "update-2025-08-15-1919.tsx",
    "update-2025-08-15-1918.tsx",
    "update-2025-08-15-1917.tsx",
    "update-2025-08-15-1916.tsx",
    "update-2025-08-15-1915.tsx",
    "update-2025-08-15-1914.tsx",
    "update-2025-08-15-1913.tsx",
    "update-2025-08-15-1912.tsx",
    "update-2025-08-15-1911.tsx",
    "update-2025-08-15T22-10.tsx",
    "update-2025-08-15-2210.tsx",
    "update-2025-08-15-1909.tsx"
  ],
  "metrics": {
    "diversityScore": 100,
    "avgLen": 2270,
    "duplicateCount": 0,
    "seoScore": 10
  },
  "guidance": [
    "Aim for varied intros, highlights, and CTAs across updates.",
    "Keep meta description and keywords present for each page.",
    "Include at least one external source highlight when available.",
    "Target 300–1000 characters per update for skim-ability."
  ]
}