{
  "generatedAt": "2025-08-17T16:09:01.417Z",
  "files": [
    "update-2025-08-17-1309.tsx",
    "update-2025-08-17-1308.tsx",
    "update-2025-08-17-1307.tsx",
    "update-2025-08-17-1306.tsx",
    "update-2025-08-17-1305.tsx",
    "update-2025-08-17-1304.tsx",
    "update-2025-08-17-1303.tsx",
    "update-2025-08-17-1302.tsx",
    "update-2025-08-17-1301.tsx",
    "update-2025-08-17T16-00.tsx",
    "update-2025-08-17-1600.tsx",
    "update-2025-08-17-1259.tsx",
    "update-2025-08-17-1258.tsx",
    "update-2025-08-17-1257.tsx",
    "update-2025-08-17-1256.tsx",
    "update-2025-08-17-1255.tsx",
    "update-2025-08-17-1254.tsx",
    "update-2025-08-17-1253.tsx",
    "update-2025-08-17-1252.tsx",
    "update-2025-08-17-1251.tsx",
    "update-2025-08-17T15-50.tsx",
    "update-2025-08-17-1550.tsx",
    "update-2025-08-17-1249.tsx",
    "update-2025-08-17-1248.tsx",
    "update-2025-08-17-1247.tsx",
    "update-2025-08-17-1246.tsx",
    "update-2025-08-17-1245.tsx",
    "update-2025-08-17-1244.tsx",
    "update-2025-08-17-1243.tsx",
    "update-2025-08-17-1242.tsx",
    "update-2025-08-17-1241.tsx",
    "update-2025-08-17T15-40.tsx",
    "update-2025-08-17-1540.tsx",
    "update-2025-08-17-1239.tsx",
    "update-2025-08-17-1238.tsx",
    "update-2025-08-17-1237.tsx",
    "update-2025-08-17-1236.tsx",
    "update-2025-08-17-1235.tsx",
    "update-2025-08-17-1234.tsx",
    "update-2025-08-17-1233.tsx",
    "update-2025-08-17-1232.tsx",
    "update-2025-08-17-1231.tsx",
    "update-2025-08-17T15-30.tsx",
    "update-2025-08-17-1530.tsx",
    "update-2025-08-17-1229.tsx",
    "update-2025-08-17-1228.tsx",
    "update-2025-08-17-1227.tsx",
    "update-2025-08-17-1226.tsx",
    "update-2025-08-17-1225.tsx",
    "update-2025-08-17-1224.tsx",
    "update-2025-08-17-1223.tsx",
    "update-2025-08-17-1222.tsx",
    "update-2025-08-17-1221.tsx",
    "update-2025-08-17T15-20.tsx",
    "update-2025-08-17-1520.tsx",
    "update-2025-08-17-1219.tsx",
    "update-2025-08-17-1218.tsx",
    "update-2025-08-17-1217.tsx",
    "update-2025-08-17-1216.tsx",
    "update-2025-08-17-1215.tsx",
    "update-2025-08-17-1214.tsx",
    "update-2025-08-17-1213.tsx",
    "update-2025-08-17-1212.tsx",
    "update-2025-08-17-1211.tsx",
    "update-2025-08-17T15-10.tsx",
    "update-2025-08-17-1510.tsx",
    "update-2025-08-17-1209.tsx",
    "update-2025-08-17-1208.tsx",
    "update-2025-08-17-1207.tsx",
    "update-2025-08-17-1206.tsx",
    "update-2025-08-17-1205.tsx",
    "update-2025-08-17-1204.tsx",
    "update-2025-08-17-1203.tsx",
    "update-2025-08-17-1202.tsx",
    "update-2025-08-17-1201.tsx",
    "update-2025-08-17T15-01.tsx",
    "update-2025-08-17T15-00.tsx",
    "update-2025-08-17-1500.tsx",
    "update-2025-08-17-1159.tsx",
    "update-2025-08-17-1158.tsx",
    "update-2025-08-17-1157.tsx",
    "update-2025-08-17-1156.tsx",
    "update-2025-08-17-1155.tsx",
    "update-2025-08-17-1154.tsx",
    "update-2025-08-17-1153.tsx",
    "update-2025-08-17-1152.tsx",
    "update-2025-08-17-1151.tsx",
    "update-2025-08-17T14-50.tsx",
    "update-2025-08-17-1450.tsx",
    "update-2025-08-17-1149.tsx",
    "update-2025-08-17-1148.tsx",
    "update-2025-08-17-1147.tsx",
    "update-2025-08-17-1146.tsx",
    "update-2025-08-17-1145.tsx",
    "update-2025-08-17-1144.tsx",
    "update-2025-08-17-1143.tsx",
    "update-2025-08-17-1142.tsx",
    "update-2025-08-17-1141.tsx",
    "update-2025-08-17T14-40.tsx",
    "update-2025-08-17-1440.tsx"
  ],
  "metrics": {
    "diversityScore": 100,
    "avgLen": 2093,
    "duplicateCount": 0,
    "seoScore": 9
  },
  "guidance": [
    "Aim for varied intros, highlights, and CTAs across updates.",
    "Keep meta description and keywords present for each page.",
    "Include at least one external source highlight when available.",
    "Target 300–1000 characters per update for skim-ability."
  ]
}