{
  "generatedAt": "2025-08-18T15:38:28.700Z",
  "files": [
    "update-2025-08-18T15-37.tsx",
    "update-2025-08-18-1537.tsx",
    "update-2025-08-18T15-36.tsx",
    "update-2025-08-18-1536.tsx",
    "update-2025-08-18T15-34.tsx",
    "update-2025-08-18-1534.tsx",
    "update-2025-08-18T15-33.tsx",
    "update-2025-08-18-1533.tsx",
    "update-2025-08-18T15-32.tsx",
    "update-2025-08-18-1532.tsx",
    "update-2025-08-18T15-31.tsx",
    "update-2025-08-18-1531.tsx",
    "update-2025-08-18T15-30.tsx",
    "update-2025-08-18-1530.tsx",
    "update-2025-08-18T15-29.tsx",
    "update-2025-08-18-1529.tsx",
    "update-2025-08-18T15-28.tsx",
    "update-2025-08-18-1528.tsx",
    "update-2025-08-18-1228.tsx",
    "update-2025-08-18T15-27.tsx",
    "update-2025-08-18-1527.tsx",
    "update-2025-08-18-1227.tsx",
    "update-2025-08-18-1526.tsx",
    "update-2025-08-18-1226.tsx",
    "update-2025-08-18T15-25.tsx",
    "update-2025-08-18-1525.tsx",
    "update-2025-08-18-1225.tsx",
    "update-2025-08-18T15-24.tsx",
    "update-2025-08-18-1224.tsx",
    "update-2025-08-18-1524.tsx",
    "update-2025-08-18T15-23.tsx",
    "update-2025-08-18-1523.tsx",
    "update-2025-08-18-1223.tsx",
    "update-2025-08-18T15-22.tsx",
    "update-2025-08-18-1522.tsx",
    "update-2025-08-18-1222.tsx",
    "update-2025-08-18T15-21.tsx",
    "update-2025-08-18-1521.tsx",
    "update-2025-08-18-1221.tsx",
    "update-2025-08-18T15-20.tsx",
    "update-2025-08-18-1520.tsx",
    "update-2025-08-18-1220.tsx",
    "update-2025-08-18-1219.tsx",
    "update-2025-08-18T15-19.tsx",
    "update-2025-08-18-1519.tsx",
    "update-2025-08-18T15-17.tsx",
    "update-2025-08-18-1517.tsx",
    "update-2025-08-18-1217.tsx",
    "update-2025-08-18T15-16.tsx",
    "update-2025-08-18-1516.tsx",
    "update-2025-08-18-1216.tsx",
    "update-2025-08-18T15-15.tsx",
    "update-2025-08-18-1515.tsx",
    "update-2025-08-18-1215.tsx",
    "update-2025-08-18T15-14.tsx",
    "update-2025-08-18-1514.tsx",
    "update-2025-08-18-1214.tsx",
    "update-2025-08-18T15-13.tsx",
    "update-2025-08-18-1513.tsx",
    "update-2025-08-18-1213.tsx",
    "update-2025-08-18T15-12.tsx",
    "update-2025-08-18-1512.tsx",
    "update-2025-08-18-1212.tsx",
    "update-2025-08-18-1211.tsx",
    "update-2025-08-18T15-10.tsx",
    "update-2025-08-18-1510.tsx",
    "update-2025-08-18-1210.tsx",
    "update-2025-08-18T15-09.tsx",
    "update-2025-08-18-1509.tsx",
    "update-2025-08-18-1209.tsx",
    "update-2025-08-18T15-08.tsx",
    "update-2025-08-18-1508.tsx",
    "update-2025-08-18-1208.tsx",
    "update-2025-08-18T15-07.tsx",
    "update-2025-08-18-1507.tsx",
    "update-2025-08-18-1207.tsx",
    "update-2025-08-18T15-06.tsx",
    "update-2025-08-18-1506.tsx",
    "update-2025-08-18-1206.tsx",
    "update-2025-08-18-1205.tsx",
    "update-2025-08-18T15-04.tsx",
    "update-2025-08-18-1504.tsx",
    "update-2025-08-18-1204.tsx",
    "update-2025-08-18T15-03.tsx",
    "update-2025-08-18-1503.tsx",
    "update-2025-08-18-1203.tsx",
    "update-2025-08-18T15-02.tsx",
    "update-2025-08-18-1502.tsx",
    "update-2025-08-18-1202.tsx",
    "update-2025-08-18-1201.tsx",
    "update-2025-08-18T15-00.tsx",
    "update-2025-08-18-1500.tsx",
    "update-2025-08-18-1200.tsx",
    "update-2025-08-18T14-59.tsx",
    "update-2025-08-18-1459.tsx",
    "update-2025-08-18-1159.tsx",
    "update-2025-08-18T14-58.tsx",
    "update-2025-08-18-1458.tsx",
    "update-2025-08-18-1158.tsx",
    "update-2025-08-18T14-57.tsx"
  ],
  "metrics": {
    "diversityScore": 100,
    "avgLen": 1870,
    "duplicateCount": 0,
    "seoScore": 35
  },
  "guidance": [
    "Aim for varied intros, highlights, and CTAs across updates.",
    "Keep meta description and keywords present for each page.",
    "Include at least one external source highlight when available.",
    "Target 300–1000 characters per update for skim-ability."
  ]
}