{
  "generatedAt": "2025-08-18T13:54:00.750Z",
  "files": [
    "update-2025-08-18-1054.tsx",
    "update-2025-08-18T13-53.tsx",
    "update-2025-08-18-1353.tsx",
    "update-2025-08-18-1053.tsx",
    "update-2025-08-18T13-52.tsx",
    "update-2025-08-18-1352.tsx",
    "update-2025-08-18-1052.tsx",
    "update-2025-08-18T13-51.tsx",
    "update-2025-08-18-1351.tsx",
    "update-2025-08-18-1051.tsx",
    "update-2025-08-18T13-50.tsx",
    "update-2025-08-18-1350.tsx",
    "update-2025-08-18-1050.tsx",
    "update-2025-08-18T13-49.tsx",
    "update-2025-08-18-1047.tsx",
    "update-2025-08-18-1349.tsx",
    "update-2025-08-18-1049.tsx",
    "update-2025-08-18T13-48.tsx",
    "update-2025-08-18-1048.tsx",
    "update-2025-08-18-1348.tsx",
    "update-2025-08-18T13-47.tsx",
    "update-2025-08-18-1347.tsx",
    "update-2025-08-18T13-46.tsx",
    "update-2025-08-18-1346.tsx",
    "update-2025-08-18-1046.tsx",
    "update-2025-08-18T13-45.tsx",
    "update-2025-08-18-1345.tsx",
    "update-2025-08-18-1045.tsx",
    "update-2025-08-18T13-44.tsx",
    "update-2025-08-18-1044.tsx",
    "update-2025-08-18-1344.tsx",
    "update-2025-08-18T13-43.tsx",
    "update-2025-08-18-1343.tsx",
    "update-2025-08-18-1043.tsx",
    "update-2025-08-18T13-42.tsx",
    "update-2025-08-18-1342.tsx",
    "update-2025-08-18-1042.tsx",
    "update-2025-08-18T13-41.tsx",
    "update-2025-08-18-1341.tsx",
    "update-2025-08-18-1041.tsx",
    "update-2025-08-18T13-40.tsx",
    "update-2025-08-18-1340.tsx",
    "update-2025-08-18-1040.tsx",
    "update-2025-08-18T13-39.tsx",
    "update-2025-08-18-1339.tsx",
    "update-2025-08-18-1039.tsx",
    "update-2025-08-18T13-38.tsx",
    "update-2025-08-18-1338.tsx",
    "update-2025-08-18-1038.tsx",
    "update-2025-08-18T13-37.tsx",
    "update-2025-08-18-1337.tsx",
    "update-2025-08-18-1037.tsx",
    "update-2025-08-18T13-36.tsx",
    "update-2025-08-18-1336.tsx",
    "update-2025-08-18-1036.tsx",
    "update-2025-08-18T13-35.tsx",
    "update-2025-08-18-1335.tsx",
    "update-2025-08-18-1035.tsx",
    "update-2025-08-18T13-34.tsx",
    "update-2025-08-18-1334.tsx",
    "update-2025-08-18-1034.tsx",
    "update-2025-08-18T13-33.tsx",
    "update-2025-08-18-1333.tsx",
    "update-2025-08-18-1033.tsx",
    "update-2025-08-18T13-32.tsx",
    "update-2025-08-18-1032.tsx",
    "update-2025-08-18T13-31.tsx",
    "update-2025-08-18-1331.tsx",
    "update-2025-08-18-1031.tsx",
    "update-2025-08-18T13-30.tsx",
    "update-2025-08-18-1330.tsx",
    "update-2025-08-18-1030.tsx",
    "update-2025-08-18T13-29.tsx",
    "update-2025-08-18-1329.tsx",
    "update-2025-08-18-1029.tsx",
    "update-2025-08-18T13-28.tsx",
    "update-2025-08-18-1328.tsx",
    "update-2025-08-18-1028.tsx",
    "update-2025-08-18T13-27.tsx",
    "update-2025-08-18-1327.tsx",
    "update-2025-08-18-1027.tsx",
    "update-2025-08-18T13-26.tsx",
    "update-2025-08-18-1026.tsx",
    "update-2025-08-18-1326.tsx",
    "update-2025-08-18T13-25.tsx",
    "update-2025-08-18-1325.tsx",
    "update-2025-08-18-1025.tsx",
    "update-2025-08-18T13-24.tsx",
    "update-2025-08-18-1324.tsx",
    "update-2025-08-18-1024.tsx",
    "update-2025-08-18T13-23.tsx",
    "update-2025-08-18-1323.tsx",
    "update-2025-08-18-1023.tsx",
    "update-2025-08-18T13-22.tsx",
    "update-2025-08-18-1322.tsx",
    "update-2025-08-18-1022.tsx",
    "update-2025-08-18T13-21.tsx",
    "update-2025-08-18-1321.tsx",
    "update-2025-08-18-1021.tsx",
    "update-2025-08-18T13-20.tsx"
  ],
  "metrics": {
    "diversityScore": 100,
    "avgLen": 1882,
    "duplicateCount": 0,
    "seoScore": 32
  },
  "guidance": [
    "Aim for varied intros, highlights, and CTAs across updates.",
    "Keep meta description and keywords present for each page.",
    "Include at least one external source highlight when available.",
    "Target 300–1000 characters per update for skim-ability."
  ]
}