{
  "generatedAt": "2025-08-17T08:56:01.319Z",
  "files": [
    "update-2025-08-17-0556.tsx",
    "update-2025-08-17-0555.tsx",
    "update-2025-08-17-0554.tsx",
    "update-2025-08-17-0553.tsx",
    "update-2025-08-17-0552.tsx",
    "update-2025-08-17-0551.tsx",
    "update-2025-08-17T08-50.tsx",
    "update-2025-08-17-0850.tsx",
    "update-2025-08-17-0549.tsx",
    "update-2025-08-17-0548.tsx",
    "update-2025-08-17-0547.tsx",
    "update-2025-08-17-0546.tsx",
    "update-2025-08-17-0545.tsx",
    "update-2025-08-17-0544.tsx",
    "update-2025-08-17-0543.tsx",
    "update-2025-08-17-0542.tsx",
    "update-2025-08-17-0541.tsx",
    "update-2025-08-17T08-40.tsx",
    "update-2025-08-17-0840.tsx",
    "update-2025-08-17-0539.tsx",
    "update-2025-08-17-0538.tsx",
    "update-2025-08-17-0537.tsx",
    "update-2025-08-17-0536.tsx",
    "update-2025-08-17-0535.tsx",
    "update-2025-08-17-0534.tsx",
    "update-2025-08-17-0533.tsx",
    "update-2025-08-17-0532.tsx",
    "update-2025-08-17-0531.tsx",
    "update-2025-08-17T08-30.tsx",
    "update-2025-08-17-0830.tsx",
    "update-2025-08-17-0529.tsx",
    "update-2025-08-17-0528.tsx",
    "update-2025-08-17-0527.tsx",
    "update-2025-08-17-0526.tsx",
    "update-2025-08-17-0525.tsx",
    "update-2025-08-17-0524.tsx",
    "update-2025-08-17-0523.tsx",
    "update-2025-08-17-0522.tsx",
    "update-2025-08-17-0521.tsx",
    "update-2025-08-17T08-20.tsx",
    "update-2025-08-17-0820.tsx",
    "update-2025-08-17-0519.tsx",
    "update-2025-08-17-0518.tsx",
    "update-2025-08-17-0517.tsx",
    "update-2025-08-17-0516.tsx",
    "update-2025-08-17-0515.tsx",
    "update-2025-08-17-0514.tsx",
    "update-2025-08-17-0513.tsx",
    "update-2025-08-17-0512.tsx",
    "update-2025-08-17-0511.tsx",
    "update-2025-08-17T08-10.tsx",
    "update-2025-08-17-0810.tsx",
    "update-2025-08-17-0509.tsx",
    "update-2025-08-17-0508.tsx",
    "update-2025-08-17-0507.tsx",
    "update-2025-08-17-0506.tsx",
    "update-2025-08-17-0505.tsx",
    "update-2025-08-17-0504.tsx",
    "update-2025-08-17-0503.tsx",
    "update-2025-08-17-0502.tsx",
    "update-2025-08-17-0501.tsx",
    "update-2025-08-17T08-00.tsx",
    "update-2025-08-17-0800.tsx",
    "update-2025-08-17-0459.tsx",
    "update-2025-08-17-0458.tsx",
    "update-2025-08-17-0457.tsx",
    "update-2025-08-17-0456.tsx",
    "update-2025-08-17-0455.tsx",
    "update-2025-08-17-0454.tsx",
    "update-2025-08-17-0453.tsx",
    "update-2025-08-17-0452.tsx",
    "update-2025-08-17-0451.tsx",
    "update-2025-08-17T07-50.tsx",
    "update-2025-08-17-0750.tsx",
    "update-2025-08-17-0449.tsx",
    "update-2025-08-17-0448.tsx",
    "update-2025-08-17-0447.tsx",
    "update-2025-08-17-0446.tsx",
    "update-2025-08-17-0445.tsx",
    "update-2025-08-17-0444.tsx",
    "update-2025-08-17-0443.tsx",
    "update-2025-08-17-0442.tsx",
    "update-2025-08-17-0441.tsx",
    "update-2025-08-17T07-40.tsx",
    "update-2025-08-17-0740.tsx",
    "update-2025-08-17-0439.tsx",
    "update-2025-08-17-0438.tsx",
    "update-2025-08-17-0437.tsx",
    "update-2025-08-17-0436.tsx",
    "update-2025-08-17-0435.tsx",
    "update-2025-08-17-0434.tsx",
    "update-2025-08-17-0433.tsx",
    "update-2025-08-17-0432.tsx",
    "update-2025-08-17-0431.tsx",
    "update-2025-08-17T07-30.tsx",
    "update-2025-08-17-0730.tsx",
    "update-2025-08-17-0429.tsx",
    "update-2025-08-17-0428.tsx",
    "update-2025-08-17-0427.tsx",
    "update-2025-08-17-0426.tsx"
  ],
  "metrics": {
    "diversityScore": 100,
    "avgLen": 2102,
    "duplicateCount": 0,
    "seoScore": 9
  },
  "guidance": [
    "Aim for varied intros, highlights, and CTAs across updates.",
    "Keep meta description and keywords present for each page.",
    "Include at least one external source highlight when available.",
    "Target 300–1000 characters per update for skim-ability."
  ]
}