{
  "generatedAt": "2025-08-14T12:31:09.033Z",
  "files": [
    "update-2025-08-14-0931.tsx",
    "update-2025-08-14T12-30.tsx",
    "update-2025-08-14-1230.tsx",
    "update-2025-08-14-0930.tsx",
    "update-2025-08-14-0929.tsx",
    "update-2025-08-14-0928.tsx",
    "update-2025-08-14-0927.tsx",
    "update-2025-08-14-0926.tsx",
    "update-2025-08-14-0925.tsx",
    "update-2025-08-14-0924.tsx",
    "update-2025-08-14-0923.tsx",
    "update-2025-08-14-0922.tsx",
    "update-2025-08-14-0921.tsx",
    "update-2025-08-14T12-20.tsx",
    "update-2025-08-14-1220.tsx",
    "update-2025-08-14-0920.tsx",
    "update-2025-08-14-0919.tsx",
    "update-2025-08-14-0918.tsx",
    "update-2025-08-14T04-11.tsx",
    "update-2025-08-14T04-00.tsx",
    "update-2025-08-14T03-50.tsx",
    "update-2025-08-14T03-30.tsx",
    "update-2025-08-14T03-21.tsx",
    "update-2025-08-14T02-50.tsx",
    "update-2025-08-14T02-40.tsx",
    "update-2025-08-14T02-30.tsx",
    "update-2025-08-14T02-20.tsx",
    "update-2025-08-14T02-00.tsx",
    "update-2025-08-14T01-50.tsx",
    "update-2025-08-14T01-40.tsx",
    "update-2025-08-14T00-45.tsx",
    "update-2025-08-14T00-44.tsx",
    "update-2025-08-14T00-43.tsx",
    "update-2025-08-14T00-42.tsx",
    "update-2025-08-14T00-41.tsx",
    "update-2025-08-14T00-40.tsx",
    "update-2025-08-14T00-39.tsx",
    "update-2025-08-14T00-38.tsx",
    "update-2025-08-14T00-37.tsx",
    "update-2025-08-14T00-36.tsx",
    "update-2025-08-14T00-35.tsx",
    "update-2025-08-14T00-34.tsx",
    "update-2025-08-14T00-33.tsx",
    "update-2025-08-14T00-32.tsx",
    "update-2025-08-14T00-31.tsx",
    "update-2025-08-14T00-30.tsx",
    "update-2025-08-14T00-29.tsx",
    "update-2025-08-14T00-28.tsx",
    "update-2025-08-14T00-27.tsx",
    "update-2025-08-14T00-26.tsx",
    "update-2025-08-14T00-25.tsx",
    "update-2025-08-14T00-24.tsx",
    "update-2025-08-14T00-21.tsx",
    "update-2025-08-14T00-20.tsx",
    "update-2025-08-14T00-19.tsx",
    "update-2025-08-14T00-18.tsx",
    "update-2025-08-14T00-17.tsx",
    "update-2025-08-14T00-16.tsx",
    "update-2025-08-14T00-15.tsx",
    "update-2025-08-14T00-14.tsx",
    "update-2025-08-14T00-13.tsx",
    "update-2025-08-14T00-12.tsx",
    "update-2025-08-14T00-10.tsx",
    "update-2025-08-14T00-00.tsx",
    "update-2025-08-13T23-59.tsx",
    "update-2025-08-13T23-56.tsx",
    "update-2025-08-13T23-52.tsx",
    "update-2025-08-13T23-50.tsx",
    "update-2025-08-13T23-47.tsx",
    "update-2025-08-13T23-44.tsx",
    "update-2025-08-13T23-40.tsx",
    "update-2025-08-13T23-35.tsx",
    "update-2025-08-13T23-30.tsx",
    "update-2025-08-13T23-29.tsx",
    "update-2025-08-13T23-28.tsx",
    "update-2025-08-13T23-26.tsx",
    "update-2025-08-13T23-23.tsx",
    "update-2025-08-13T23-19.tsx",
    "update-2025-08-13T23-07.tsx",
    "update-2025-08-13T23-05.tsx",
    "update-2025-08-13T23-03.tsx",
    "update-2025-08-13T22-40.tsx",
    "update-2025-08-13T22-37.tsx",
    "update-2025-08-13T22-30.tsx",
    "update-2025-08-13T22-27.tsx",
    "update-2025-08-13T22-21.tsx",
    "update-2025-08-13T22-20.tsx",
    "update-2025-08-13T22-11.tsx",
    "update-2025-08-13T22-10.tsx",
    "update-2025-08-13T22-06.tsx",
    "update-2025-08-13T22-04.tsx",
    "update-2025-08-13T22-00.tsx",
    "update-2025-08-13T21-50.tsx",
    "update-2025-08-13T21-47.tsx",
    "update-2025-08-13T21-40.tsx",
    "update-2025-08-13T21-30.tsx",
    "update-2025-08-13T21-29.tsx",
    "update-2025-08-13T21-19.tsx",
    "update-2025-08-13T21-00.tsx",
    "update-2025-08-13T20-51.tsx"
  ],
  "metrics": {
    "diversityScore": 100,
    "avgLen": 1507,
    "duplicateCount": 0,
    "seoScore": 2
  },
  "guidance": [
    "Aim for varied intros, highlights, and CTAs across updates.",
    "Keep meta description and keywords present for each page.",
    "Include at least one external source highlight when available.",
    "Target 300–1000 characters per update for skim-ability."
  ]
}