{
  "generatedAt": "2025-08-14T16:20:30.452Z",
  "files": [
    "update-2025-08-14T16-20.tsx",
    "update-2025-08-14-1620.tsx",
    "update-2025-08-14T16-19.tsx",
    "update-2025-08-14-1619.tsx",
    "update-2025-08-14-1319.tsx",
    "update-2025-08-14-1318.tsx",
    "update-2025-08-14-1317.tsx",
    "update-2025-08-14-1316.tsx",
    "update-2025-08-14-1315.tsx",
    "update-2025-08-14-1314.tsx",
    "update-2025-08-14-1313.tsx",
    "update-2025-08-14-1312.tsx",
    "update-2025-08-14-1311.tsx",
    "update-2025-08-14T16-10.tsx",
    "update-2025-08-14-1610.tsx",
    "update-2025-08-14-1309.tsx",
    "update-2025-08-14-1308.tsx",
    "update-2025-08-14-1307.tsx",
    "update-2025-08-14-1306.tsx",
    "update-2025-08-14-1305.tsx",
    "update-2025-08-14-1304.tsx",
    "update-2025-08-14-1303.tsx",
    "update-2025-08-14-1302.tsx",
    "update-2025-08-14-1301.tsx",
    "update-2025-08-14T16-00.tsx",
    "update-2025-08-14-1600.tsx",
    "update-2025-08-14-1259.tsx",
    "update-2025-08-14-1258.tsx",
    "update-2025-08-14-1257.tsx",
    "update-2025-08-14-1256.tsx",
    "update-2025-08-14-1255.tsx",
    "update-2025-08-14-1254.tsx",
    "update-2025-08-14-1253.tsx",
    "update-2025-08-14-1252.tsx",
    "update-2025-08-14-1251.tsx",
    "update-2025-08-14T15-50.tsx",
    "update-2025-08-14-1550.tsx",
    "update-2025-08-14T15-44.tsx",
    "update-2025-08-14-1544.tsx",
    "update-2025-08-14-1239.tsx",
    "update-2025-08-14-1238.tsx",
    "update-2025-08-14-1237.tsx",
    "update-2025-08-14-1236.tsx",
    "update-2025-08-14-1235.tsx",
    "update-2025-08-14-1234.tsx",
    "update-2025-08-14-1233.tsx",
    "update-2025-08-14-1232.tsx",
    "update-2025-08-14-1231.tsx",
    "update-2025-08-14T15-30.tsx",
    "update-2025-08-14-1530.tsx",
    "update-2025-08-14-1229.tsx",
    "update-2025-08-14-1228.tsx",
    "update-2025-08-14-1227.tsx",
    "update-2025-08-14-1226.tsx",
    "update-2025-08-14-1225.tsx",
    "update-2025-08-14-1224.tsx",
    "update-2025-08-14-1223.tsx",
    "update-2025-08-14-1217.tsx",
    "update-2025-08-14T15-10.tsx",
    "update-2025-08-14T15-00.tsx",
    "update-2025-08-14T14-50.tsx",
    "update-2025-08-14T14-40.tsx",
    "update-2025-08-14T14-30.tsx",
    "update-2025-08-14T14-20.tsx",
    "update-2025-08-14T14-10.tsx",
    "update-2025-08-14T14-00.tsx",
    "update-2025-08-14T13-50.tsx",
    "update-2025-08-14T13-40.tsx",
    "update-2025-08-14T13-30.tsx",
    "update-2025-08-14T13-20.tsx",
    "update-2025-08-14T13-10.tsx",
    "update-2025-08-14T13-00.tsx",
    "update-2025-08-14T12-40.tsx",
    "update-2025-08-14T12-30.tsx",
    "update-2025-08-14T12-20.tsx",
    "update-2025-08-14T12-10.tsx",
    "update-2025-08-14T11-07.tsx",
    "update-2025-08-14T10-20.tsx",
    "update-2025-08-14T09-17.tsx",
    "update-2025-08-14T09-16.tsx",
    "update-2025-08-14T09-15.tsx",
    "update-2025-08-14T09-14.tsx",
    "update-2025-08-14T09-13.tsx",
    "update-2025-08-14T09-12.tsx",
    "update-2025-08-14T09-11.tsx",
    "update-2025-08-14T09-10.tsx",
    "update-2025-08-14T09-09.tsx",
    "update-2025-08-14T09-08.tsx",
    "update-2025-08-14T09-00.tsx",
    "update-2025-08-14T08-50.tsx",
    "update-2025-08-14T08-40.tsx",
    "update-2025-08-14T08-30.tsx",
    "update-2025-08-14T08-20.tsx",
    "update-2025-08-14T08-08.tsx",
    "update-2025-08-14T08-00.tsx",
    "update-2025-08-14T07-50.tsx",
    "update-2025-08-14T07-40.tsx",
    "update-2025-08-14T07-20.tsx",
    "update-2025-08-14T07-10.tsx",
    "update-2025-08-14T07-00.tsx"
  ],
  "metrics": {
    "diversityScore": 100,
    "avgLen": 1612,
    "duplicateCount": 0,
    "seoScore": 7
  },
  "guidance": [
    "Aim for varied intros, highlights, and CTAs across updates.",
    "Keep meta description and keywords present for each page.",
    "Include at least one external source highlight when available.",
    "Target 300–1000 characters per update for skim-ability."
  ]
}