{
  "generatedAt": "2025-08-15T06:32:40.406Z",
  "files": [
    "update-2025-08-15T06-32.tsx",
    "update-2025-08-15-0632.tsx",
    "update-2025-08-15-0332.tsx",
    "update-2025-08-15T06-31.tsx",
    "update-2025-08-15-0631.tsx",
    "update-2025-08-15-0331.tsx",
    "update-2025-08-15T06-30.tsx",
    "update-2025-08-15-0630.tsx",
    "update-2025-08-15-0330.tsx",
    "update-2025-08-15T06-29.tsx",
    "update-2025-08-15-0629.tsx",
    "update-2025-08-15-0329.tsx",
    "update-2025-08-15T06-28.tsx",
    "update-2025-08-15-0328.tsx",
    "update-2025-08-15T06-27.tsx",
    "update-2025-08-15-0627.tsx",
    "update-2025-08-15-0327.tsx",
    "update-2025-08-15T06-26.tsx",
    "update-2025-08-15-0326.tsx",
    "update-2025-08-15-0626.tsx",
    "update-2025-08-15T06-25.tsx",
    "update-2025-08-15-0625.tsx",
    "update-2025-08-15-0325.tsx",
    "update-2025-08-15T06-24.tsx",
    "update-2025-08-15-0624.tsx",
    "update-2025-08-15-0324.tsx",
    "update-2025-08-15T06-23.tsx",
    "update-2025-08-15-0323.tsx",
    "update-2025-08-15-0623.tsx",
    "update-2025-08-15-0622.tsx",
    "update-2025-08-15-0322.tsx",
    "update-2025-08-15T06-22.tsx",
    "update-2025-08-15-0621.tsx",
    "update-2025-08-15T06-21.tsx",
    "update-2025-08-15T06-16.tsx",
    "update-2025-08-15-0616.tsx",
    "update-2025-08-15-0316.tsx",
    "update-2025-08-15T06-15.tsx",
    "update-2025-08-15-0615.tsx",
    "update-2025-08-15-0315.tsx",
    "update-2025-08-15T06-14.tsx",
    "update-2025-08-15-0314.tsx",
    "update-2025-08-15-0614.tsx",
    "update-2025-08-15T06-13.tsx",
    "update-2025-08-15-0613.tsx",
    "update-2025-08-15-0313.tsx",
    "update-2025-08-15T06-12.tsx",
    "update-2025-08-15-0612.tsx",
    "update-2025-08-15-0312.tsx",
    "update-2025-08-15T06-11.tsx",
    "update-2025-08-15-0311.tsx",
    "update-2025-08-15-0611.tsx",
    "update-2025-08-15T06-10.tsx",
    "update-2025-08-15-0610.tsx",
    "update-2025-08-15T06-09.tsx",
    "update-2025-08-15-0609.tsx",
    "update-2025-08-15-0309.tsx",
    "update-2025-08-15T06-08.tsx",
    "update-2025-08-15-0308.tsx",
    "update-2025-08-15-0608.tsx",
    "update-2025-08-15T06-07.tsx",
    "update-2025-08-15-0607.tsx",
    "update-2025-08-15-0307.tsx",
    "update-2025-08-15T06-06.tsx",
    "update-2025-08-15-0306.tsx",
    "update-2025-08-15-0606.tsx",
    "update-2025-08-15T06-05.tsx",
    "update-2025-08-15-0605.tsx",
    "update-2025-08-15-0305.tsx",
    "update-2025-08-15T06-04.tsx",
    "update-2025-08-15-0604.tsx",
    "update-2025-08-15-0304.tsx",
    "update-2025-08-15T06-03.tsx",
    "update-2025-08-15-0603.tsx",
    "update-2025-08-15-0303.tsx",
    "update-2025-08-15T06-02.tsx",
    "update-2025-08-15-0602.tsx",
    "update-2025-08-15-0302.tsx",
    "update-2025-08-15T06-01.tsx",
    "update-2025-08-15-0601.tsx",
    "update-2025-08-15-0301.tsx",
    "update-2025-08-15T06-00.tsx",
    "update-2025-08-15-0600.tsx",
    "update-2025-08-15T05-59.tsx",
    "update-2025-08-15-0559.tsx",
    "update-2025-08-15-0259.tsx",
    "update-2025-08-15T05-58.tsx",
    "update-2025-08-15-0558.tsx",
    "update-2025-08-15-0258.tsx",
    "update-2025-08-15T05-57.tsx",
    "update-2025-08-15-0557.tsx",
    "update-2025-08-15T05-56.tsx",
    "update-2025-08-15-0257.tsx",
    "update-2025-08-15-0556.tsx",
    "update-2025-08-15-0256.tsx",
    "update-2025-08-15-0255.tsx",
    "update-2025-08-15-0254.tsx",
    "update-2025-08-15-0253.tsx",
    "update-2025-08-15-0252.tsx",
    "update-2025-08-15-0251.tsx"
  ],
  "metrics": {
    "diversityScore": 100,
    "avgLen": 1892,
    "duplicateCount": 0,
    "seoScore": 32
  },
  "guidance": [
    "Aim for varied intros, highlights, and CTAs across updates.",
    "Keep meta description and keywords present for each page.",
    "Include at least one external source highlight when available.",
    "Target 300–1000 characters per update for skim-ability."
  ]
}