{
  "generatedAt": "2025-08-18T14:30:01.467Z",
  "files": [
    "update-2025-08-18-1130.tsx",
    "update-2025-08-18T14-29.tsx",
    "update-2025-08-18-1429.tsx",
    "update-2025-08-18-1129.tsx",
    "update-2025-08-18T14-28.tsx",
    "update-2025-08-18-1428.tsx",
    "update-2025-08-18-1128.tsx",
    "update-2025-08-18T14-27.tsx",
    "update-2025-08-18-1427.tsx",
    "update-2025-08-18-1127.tsx",
    "update-2025-08-18T14-26.tsx",
    "update-2025-08-18-1426.tsx",
    "update-2025-08-18-1126.tsx",
    "update-2025-08-18T14-25.tsx",
    "update-2025-08-18-1425.tsx",
    "update-2025-08-18-1125.tsx",
    "update-2025-08-18T14-24.tsx",
    "update-2025-08-18-1424.tsx",
    "update-2025-08-18-1124.tsx",
    "update-2025-08-18T14-23.tsx",
    "update-2025-08-18-1423.tsx",
    "update-2025-08-18-1123.tsx",
    "update-2025-08-18T14-22.tsx",
    "update-2025-08-18-1422.tsx",
    "update-2025-08-18-1122.tsx",
    "update-2025-08-18-1121.tsx",
    "update-2025-08-18T14-20.tsx",
    "update-2025-08-18-1420.tsx",
    "update-2025-08-18-1120.tsx",
    "update-2025-08-18T14-19.tsx",
    "update-2025-08-18-1419.tsx",
    "update-2025-08-18-1119.tsx",
    "update-2025-08-18T14-18.tsx",
    "update-2025-08-18-1418.tsx",
    "update-2025-08-18-1118.tsx",
    "update-2025-08-18T14-17.tsx",
    "update-2025-08-18-1417.tsx",
    "update-2025-08-18-1117.tsx",
    "update-2025-08-18T14-16.tsx",
    "update-2025-08-18-1416.tsx",
    "update-2025-08-18-1116.tsx",
    "update-2025-08-18T14-15.tsx",
    "update-2025-08-18-1415.tsx",
    "update-2025-08-18-1115.tsx",
    "update-2025-08-18T14-14.tsx",
    "update-2025-08-18-1414.tsx",
    "update-2025-08-18-1114.tsx",
    "update-2025-08-18T14-13.tsx",
    "update-2025-08-18-1413.tsx",
    "update-2025-08-18-1113.tsx",
    "update-2025-08-18T14-12.tsx",
    "update-2025-08-18-1412.tsx",
    "update-2025-08-18-1112.tsx",
    "update-2025-08-18T14-11.tsx",
    "update-2025-08-18-1411.tsx",
    "update-2025-08-18-1111.tsx",
    "update-2025-08-18T14-10.tsx",
    "update-2025-08-18-1110.tsx",
    "update-2025-08-18-1410.tsx",
    "update-2025-08-18T14-09.tsx",
    "update-2025-08-18-1409.tsx",
    "update-2025-08-18-1109.tsx",
    "update-2025-08-18T14-08.tsx",
    "update-2025-08-18-1408.tsx",
    "update-2025-08-18-1108.tsx",
    "update-2025-08-18T14-07.tsx",
    "update-2025-08-18-1407.tsx",
    "update-2025-08-18-1107.tsx",
    "update-2025-08-18T14-06.tsx",
    "update-2025-08-18-1406.tsx",
    "update-2025-08-18-1106.tsx",
    "update-2025-08-18T14-05.tsx",
    "update-2025-08-18-1405.tsx",
    "update-2025-08-18-1105.tsx",
    "update-2025-08-18T14-04.tsx",
    "update-2025-08-18-1404.tsx",
    "update-2025-08-18-1104.tsx",
    "update-2025-08-18T14-03.tsx",
    "update-2025-08-18-1403.tsx",
    "update-2025-08-18-1103.tsx",
    "update-2025-08-18-1102.tsx",
    "update-2025-08-18T14-01.tsx",
    "update-2025-08-18-1401.tsx",
    "update-2025-08-18-1101.tsx",
    "update-2025-08-18-1056.tsx",
    "update-2025-08-18T14-00.tsx",
    "update-2025-08-18-1400.tsx",
    "update-2025-08-18-1100.tsx",
    "update-2025-08-18T13-59.tsx",
    "update-2025-08-18-1359.tsx",
    "update-2025-08-18-1059.tsx",
    "update-2025-08-18T13-58.tsx",
    "update-2025-08-18-1358.tsx",
    "update-2025-08-18-1058.tsx",
    "update-2025-08-18T13-57.tsx",
    "update-2025-08-18-1357.tsx",
    "update-2025-08-18-1057.tsx",
    "update-2025-08-18T13-56.tsx",
    "update-2025-08-18-1356.tsx",
    "update-2025-08-18T13-55.tsx"
  ],
  "metrics": {
    "diversityScore": 100,
    "avgLen": 1889,
    "duplicateCount": 0,
    "seoScore": 32
  },
  "guidance": [
    "Aim for varied intros, highlights, and CTAs across updates.",
    "Keep meta description and keywords present for each page.",
    "Include at least one external source highlight when available.",
    "Target 300–1000 characters per update for skim-ability."
  ]
}