{
  "generatedAt": "2025-08-17T04:36:01.254Z",
  "files": [
    "update-2025-08-17-0136.tsx",
    "update-2025-08-17-0135.tsx",
    "update-2025-08-17-0134.tsx",
    "update-2025-08-17-0133.tsx",
    "update-2025-08-17-0132.tsx",
    "update-2025-08-17-0131.tsx",
    "update-2025-08-17T04-30.tsx",
    "update-2025-08-17-0430.tsx",
    "update-2025-08-17-0129.tsx",
    "update-2025-08-17-0128.tsx",
    "update-2025-08-17-0127.tsx",
    "update-2025-08-17-0126.tsx",
    "update-2025-08-17-0125.tsx",
    "update-2025-08-17-0124.tsx",
    "update-2025-08-17-0123.tsx",
    "update-2025-08-17-0122.tsx",
    "update-2025-08-17-0121.tsx",
    "update-2025-08-17T04-20.tsx",
    "update-2025-08-17-0420.tsx",
    "update-2025-08-17-0119.tsx",
    "update-2025-08-17-0118.tsx",
    "update-2025-08-17-0117.tsx",
    "update-2025-08-17-0116.tsx",
    "update-2025-08-17-0115.tsx",
    "update-2025-08-17-0114.tsx",
    "update-2025-08-17-0113.tsx",
    "update-2025-08-17-0112.tsx",
    "update-2025-08-17-0111.tsx",
    "update-2025-08-17T04-10.tsx",
    "update-2025-08-17-0410.tsx",
    "update-2025-08-17-0109.tsx",
    "update-2025-08-17-0108.tsx",
    "update-2025-08-17-0107.tsx",
    "update-2025-08-17-0106.tsx",
    "update-2025-08-17-0105.tsx",
    "update-2025-08-17-0104.tsx",
    "update-2025-08-17-0103.tsx",
    "update-2025-08-17-0102.tsx",
    "update-2025-08-17-0101.tsx",
    "update-2025-08-17T04-00.tsx",
    "update-2025-08-17-0400.tsx",
    "update-2025-08-17-0059.tsx",
    "update-2025-08-17-0058.tsx",
    "update-2025-08-17-0057.tsx",
    "update-2025-08-17-0056.tsx",
    "update-2025-08-17-0055.tsx",
    "update-2025-08-17-0054.tsx",
    "update-2025-08-17-0053.tsx",
    "update-2025-08-17-0052.tsx",
    "update-2025-08-17-0051.tsx",
    "update-2025-08-17T03-50.tsx",
    "update-2025-08-17-0350.tsx",
    "update-2025-08-17-0049.tsx",
    "update-2025-08-17-0048.tsx",
    "update-2025-08-17-0047.tsx",
    "update-2025-08-17-0046.tsx",
    "update-2025-08-17-0045.tsx",
    "update-2025-08-17-0044.tsx",
    "update-2025-08-17-0043.tsx",
    "update-2025-08-17-0042.tsx",
    "update-2025-08-17-0041.tsx",
    "update-2025-08-17T03-40.tsx",
    "update-2025-08-17-0340.tsx",
    "update-2025-08-17-0039.tsx",
    "update-2025-08-17-0038.tsx",
    "update-2025-08-17-0037.tsx",
    "update-2025-08-17-0036.tsx",
    "update-2025-08-17-0035.tsx",
    "update-2025-08-17-0034.tsx",
    "update-2025-08-17-0033.tsx",
    "update-2025-08-17-0032.tsx",
    "update-2025-08-17-0031.tsx",
    "update-2025-08-17T03-30.tsx",
    "update-2025-08-17-0330.tsx",
    "update-2025-08-17-0029.tsx",
    "update-2025-08-17-0028.tsx",
    "update-2025-08-17-0027.tsx",
    "update-2025-08-17-0026.tsx",
    "update-2025-08-17-0025.tsx",
    "update-2025-08-17-0024.tsx",
    "update-2025-08-17-0023.tsx",
    "update-2025-08-17-0022.tsx",
    "update-2025-08-17-0021.tsx",
    "update-2025-08-17T03-20.tsx",
    "update-2025-08-17-0320.tsx",
    "update-2025-08-17-0019.tsx",
    "update-2025-08-17-0018.tsx",
    "update-2025-08-17-0017.tsx",
    "update-2025-08-17-0016.tsx",
    "update-2025-08-17-0015.tsx",
    "update-2025-08-17-0014.tsx",
    "update-2025-08-17-0013.tsx",
    "update-2025-08-17-0012.tsx",
    "update-2025-08-17-0011.tsx",
    "update-2025-08-17T03-10.tsx",
    "update-2025-08-17-0310.tsx",
    "update-2025-08-17-0009.tsx",
    "update-2025-08-17-0008.tsx",
    "update-2025-08-17-0007.tsx",
    "update-2025-08-17-0006.tsx"
  ],
  "metrics": {
    "diversityScore": 100,
    "avgLen": 2105,
    "duplicateCount": 0,
    "seoScore": 9
  },
  "guidance": [
    "Aim for varied intros, highlights, and CTAs across updates.",
    "Keep meta description and keywords present for each page.",
    "Include at least one external source highlight when available.",
    "Target 300–1000 characters per update for skim-ability."
  ]
}