{
  "generatedAt": "2025-08-18T15:08:03.772Z",
  "files": [
    "update-2025-08-18-1208.tsx",
    "update-2025-08-18T15-07.tsx",
    "update-2025-08-18-1507.tsx",
    "update-2025-08-18-1207.tsx",
    "update-2025-08-18T15-06.tsx",
    "update-2025-08-18-1506.tsx",
    "update-2025-08-18-1206.tsx",
    "update-2025-08-18-1205.tsx",
    "update-2025-08-18T15-04.tsx",
    "update-2025-08-18-1504.tsx",
    "update-2025-08-18-1204.tsx",
    "update-2025-08-18T15-03.tsx",
    "update-2025-08-18-1503.tsx",
    "update-2025-08-18-1203.tsx",
    "update-2025-08-18T15-02.tsx",
    "update-2025-08-18-1502.tsx",
    "update-2025-08-18-1202.tsx",
    "update-2025-08-18-1201.tsx",
    "update-2025-08-18T15-00.tsx",
    "update-2025-08-18-1500.tsx",
    "update-2025-08-18-1200.tsx",
    "update-2025-08-18T14-59.tsx",
    "update-2025-08-18-1459.tsx",
    "update-2025-08-18-1159.tsx",
    "update-2025-08-18T14-58.tsx",
    "update-2025-08-18-1458.tsx",
    "update-2025-08-18-1158.tsx",
    "update-2025-08-18T14-57.tsx",
    "update-2025-08-18-1457.tsx",
    "update-2025-08-18-1157.tsx",
    "update-2025-08-18T14-56.tsx",
    "update-2025-08-18-1456.tsx",
    "update-2025-08-18-1156.tsx",
    "update-2025-08-18-1153.tsx",
    "update-2025-08-18-1148.tsx",
    "update-2025-08-18-1147.tsx",
    "update-2025-08-18-1146.tsx",
    "update-2025-08-18-1141.tsx",
    "update-2025-08-18T14-55.tsx",
    "update-2025-08-18-1455.tsx",
    "update-2025-08-18-1155.tsx",
    "update-2025-08-18T14-54.tsx",
    "update-2025-08-18-1454.tsx",
    "update-2025-08-18-1154.tsx",
    "update-2025-08-18T14-53.tsx",
    "update-2025-08-18-1453.tsx",
    "update-2025-08-18T14-52.tsx",
    "update-2025-08-18-1452.tsx",
    "update-2025-08-18-1152.tsx",
    "update-2025-08-18-1151.tsx",
    "update-2025-08-18T14-50.tsx",
    "update-2025-08-18-1450.tsx",
    "update-2025-08-18-1150.tsx",
    "update-2025-08-18-1149.tsx",
    "update-2025-08-18T14-48.tsx",
    "update-2025-08-18-1448.tsx",
    "update-2025-08-18T14-47.tsx",
    "update-2025-08-18-1447.tsx",
    "update-2025-08-18T14-45.tsx",
    "update-2025-08-18-1445.tsx",
    "update-2025-08-18-1145.tsx",
    "update-2025-08-18T14-44.tsx",
    "update-2025-08-18-1444.tsx",
    "update-2025-08-18-1144.tsx",
    "update-2025-08-18T14-43.tsx",
    "update-2025-08-18-1443.tsx",
    "update-2025-08-18-1143.tsx",
    "update-2025-08-18T14-42.tsx",
    "update-2025-08-18-1442.tsx",
    "update-2025-08-18T14-40.tsx",
    "update-2025-08-18-1440.tsx",
    "update-2025-08-18-1140.tsx",
    "update-2025-08-18T14-39.tsx",
    "update-2025-08-18-1439.tsx",
    "update-2025-08-18-1139.tsx",
    "update-2025-08-18T14-38.tsx",
    "update-2025-08-18-1438.tsx",
    "update-2025-08-18-1138.tsx",
    "update-2025-08-18T14-37.tsx",
    "update-2025-08-18-1437.tsx",
    "update-2025-08-18-1137.tsx",
    "update-2025-08-18T14-36.tsx",
    "update-2025-08-18-1436.tsx",
    "update-2025-08-18-1136.tsx",
    "update-2025-08-18T14-35.tsx",
    "update-2025-08-18T14-34.tsx",
    "update-2025-08-18-1434.tsx",
    "update-2025-08-18-1135.tsx",
    "update-2025-08-18-1134.tsx",
    "update-2025-08-18-1435.tsx",
    "update-2025-08-18T14-33.tsx",
    "update-2025-08-18-1133.tsx",
    "update-2025-08-18-1433.tsx",
    "update-2025-08-18-1432.tsx",
    "update-2025-08-18-1132.tsx",
    "update-2025-08-18-1131.tsx",
    "update-2025-08-18T14-30.tsx",
    "update-2025-08-18-1430.tsx",
    "update-2025-08-18-1130.tsx",
    "update-2025-08-18T14-29.tsx"
  ],
  "metrics": {
    "diversityScore": 100,
    "avgLen": 1902,
    "duplicateCount": 0,
    "seoScore": 31
  },
  "guidance": [
    "Aim for varied intros, highlights, and CTAs across updates.",
    "Keep meta description and keywords present for each page.",
    "Include at least one external source highlight when available.",
    "Target 300–1000 characters per update for skim-ability."
  ]
}