{
  "generatedAt": "2025-08-15T04:52:00.692Z",
  "files": [
    "update-2025-08-15-0152.tsx",
    "update-2025-08-15-0151.tsx",
    "update-2025-08-15T04-50.tsx",
    "update-2025-08-15-0450.tsx",
    "update-2025-08-15-0150.tsx",
    "update-2025-08-15-0149.tsx",
    "update-2025-08-15-0148.tsx",
    "update-2025-08-15-0147.tsx",
    "update-2025-08-15-0146.tsx",
    "update-2025-08-15-0145.tsx",
    "update-2025-08-15-0144.tsx",
    "update-2025-08-15-0143.tsx",
    "update-2025-08-15-0142.tsx",
    "update-2025-08-15-0141.tsx",
    "update-2025-08-15T04-40.tsx",
    "update-2025-08-15-0440.tsx",
    "update-2025-08-15-0140.tsx",
    "update-2025-08-15-0139.tsx",
    "update-2025-08-15-0138.tsx",
    "update-2025-08-15-0137.tsx",
    "update-2025-08-15-0136.tsx",
    "update-2025-08-15-0135.tsx",
    "update-2025-08-15-0134.tsx",
    "update-2025-08-15-0133.tsx",
    "update-2025-08-15-0132.tsx",
    "update-2025-08-15-0131.tsx",
    "update-2025-08-15T04-30.tsx",
    "update-2025-08-15-0430.tsx",
    "update-2025-08-15-0130.tsx",
    "update-2025-08-15-0129.tsx",
    "update-2025-08-15-0128.tsx",
    "update-2025-08-15-0127.tsx",
    "update-2025-08-15-0126.tsx",
    "update-2025-08-15-0125.tsx",
    "update-2025-08-15-0124.tsx",
    "update-2025-08-15-0123.tsx",
    "update-2025-08-15-0122.tsx",
    "update-2025-08-15-0121.tsx",
    "update-2025-08-15-0120.tsx",
    "update-2025-08-15T04-20.tsx",
    "update-2025-08-15-0420.tsx",
    "update-2025-08-15-0119.tsx",
    "update-2025-08-15-0118.tsx",
    "update-2025-08-15-0117.tsx",
    "update-2025-08-15-0116.tsx",
    "update-2025-08-15-0115.tsx",
    "update-2025-08-15-0114.tsx",
    "update-2025-08-15-0113.tsx",
    "update-2025-08-15-0112.tsx",
    "update-2025-08-15-0111.tsx",
    "update-2025-08-15T04-10.tsx",
    "update-2025-08-15-0410.tsx",
    "update-2025-08-15-0110.tsx",
    "update-2025-08-15-0109.tsx",
    "update-2025-08-15-0108.tsx",
    "update-2025-08-15-0107.tsx",
    "update-2025-08-15-0106.tsx",
    "update-2025-08-15-0105.tsx",
    "update-2025-08-15-0104.tsx",
    "update-2025-08-15-0103.tsx",
    "update-2025-08-15-0102.tsx",
    "update-2025-08-15-0101.tsx",
    "update-2025-08-15-0100.tsx",
    "update-2025-08-15T04-00.tsx",
    "update-2025-08-15-0400.tsx",
    "update-2025-08-15-0059.tsx",
    "update-2025-08-15-0058.tsx",
    "update-2025-08-15-0057.tsx",
    "update-2025-08-15-0056.tsx",
    "update-2025-08-15-0055.tsx",
    "update-2025-08-15-0054.tsx",
    "update-2025-08-15-0053.tsx",
    "update-2025-08-15-0052.tsx",
    "update-2025-08-15-0051.tsx",
    "update-2025-08-15-0017.tsx",
    "update-2025-08-15-0016.tsx",
    "update-2025-08-15-0015.tsx",
    "update-2025-08-15-0014.tsx",
    "update-2025-08-15-0013.tsx",
    "update-2025-08-15-0012.tsx",
    "update-2025-08-15-0011.tsx",
    "update-2025-08-15T03-10.tsx",
    "update-2025-08-15-0310.tsx",
    "update-2025-08-15-0010.tsx",
    "update-2025-08-15-0009.tsx",
    "update-2025-08-15-0008.tsx",
    "update-2025-08-15-0007.tsx",
    "update-2025-08-15-0006.tsx",
    "update-2025-08-15-0005.tsx",
    "update-2025-08-15-0004.tsx",
    "update-2025-08-15-0003.tsx",
    "update-2025-08-15-0002.tsx",
    "update-2025-08-15-0001.tsx",
    "update-2025-08-15T03-00.tsx",
    "update-2025-08-15-0300.tsx",
    "update-2025-08-15-0000.tsx",
    "update-2025-08-14-2359.tsx",
    "update-2025-08-14-2358.tsx",
    "update-2025-08-14-2357.tsx",
    "update-2025-08-14-2356.tsx"
  ],
  "metrics": {
    "diversityScore": 100,
    "avgLen": 2113,
    "duplicateCount": 0,
    "seoScore": 8
  },
  "guidance": [
    "Aim for varied intros, highlights, and CTAs across updates.",
    "Keep meta description and keywords present for each page.",
    "Include at least one external source highlight when available.",
    "Target 300–1000 characters per update for skim-ability."
  ]
}