{
  "generatedAt": "2025-08-17T20:07:01.464Z",
  "files": [
    "update-2025-08-17-1707.tsx",
    "update-2025-08-17-1706.tsx",
    "update-2025-08-17-1705.tsx",
    "update-2025-08-17-1704.tsx",
    "update-2025-08-17-1703.tsx",
    "update-2025-08-17-1702.tsx",
    "update-2025-08-17-1701.tsx",
    "update-2025-08-17T20-01.tsx",
    "update-2025-08-17-2000.tsx",
    "update-2025-08-17-1659.tsx",
    "update-2025-08-17-1658.tsx",
    "update-2025-08-17-1657.tsx",
    "update-2025-08-17-1656.tsx",
    "update-2025-08-17-1655.tsx",
    "update-2025-08-17-1654.tsx",
    "update-2025-08-17-1653.tsx",
    "update-2025-08-17-1652.tsx",
    "update-2025-08-17T19-51.tsx",
    "update-2025-08-17-1651.tsx",
    "update-2025-08-17-1950.tsx",
    "update-2025-08-17-1649.tsx",
    "update-2025-08-17-1648.tsx",
    "update-2025-08-17-1647.tsx",
    "update-2025-08-17-1646.tsx",
    "update-2025-08-17-1645.tsx",
    "update-2025-08-17-1644.tsx",
    "update-2025-08-17-1643.tsx",
    "update-2025-08-17-1642.tsx",
    "update-2025-08-17T19-41.tsx",
    "update-2025-08-17-1641.tsx",
    "update-2025-08-17-1940.tsx",
    "update-2025-08-17-1639.tsx",
    "update-2025-08-17-1638.tsx",
    "update-2025-08-17-1637.tsx",
    "update-2025-08-17-1636.tsx",
    "update-2025-08-17-1635.tsx",
    "update-2025-08-17-1634.tsx",
    "update-2025-08-17-1633.tsx",
    "update-2025-08-17-1632.tsx",
    "update-2025-08-17-1631.tsx",
    "update-2025-08-17T19-31.tsx",
    "update-2025-08-17-1930.tsx",
    "update-2025-08-17-1629.tsx",
    "update-2025-08-17-1628.tsx",
    "update-2025-08-17-1627.tsx",
    "update-2025-08-17-1626.tsx",
    "update-2025-08-17-1625.tsx",
    "update-2025-08-17-1624.tsx",
    "update-2025-08-17-1623.tsx",
    "update-2025-08-17-1622.tsx",
    "update-2025-08-17T19-21.tsx",
    "update-2025-08-17-1621.tsx",
    "update-2025-08-17-1920.tsx",
    "update-2025-08-17-1619.tsx",
    "update-2025-08-17-1618.tsx",
    "update-2025-08-17-1617.tsx",
    "update-2025-08-17-1616.tsx",
    "update-2025-08-17-1615.tsx",
    "update-2025-08-17-1614.tsx",
    "update-2025-08-17-1613.tsx",
    "update-2025-08-17-1612.tsx",
    "update-2025-08-17-1611.tsx",
    "update-2025-08-17T19-11.tsx",
    "update-2025-08-17-1910.tsx",
    "update-2025-08-17-1609.tsx",
    "update-2025-08-17-1608.tsx",
    "update-2025-08-17-1607.tsx",
    "update-2025-08-17-1606.tsx",
    "update-2025-08-17-1605.tsx",
    "update-2025-08-17-1604.tsx",
    "update-2025-08-17-1603.tsx",
    "update-2025-08-17-1602.tsx",
    "update-2025-08-17-1601.tsx",
    "update-2025-08-17T19-01.tsx",
    "update-2025-08-17-1900.tsx",
    "update-2025-08-17-1559.tsx",
    "update-2025-08-17-1558.tsx",
    "update-2025-08-17-1557.tsx",
    "update-2025-08-17-1556.tsx",
    "update-2025-08-17-1555.tsx",
    "update-2025-08-17-1554.tsx",
    "update-2025-08-17-1553.tsx",
    "update-2025-08-17-1552.tsx",
    "update-2025-08-17-1551.tsx",
    "update-2025-08-17T18-51.tsx",
    "update-2025-08-17-1850.tsx",
    "update-2025-08-17-1549.tsx",
    "update-2025-08-17-1548.tsx",
    "update-2025-08-17-1547.tsx",
    "update-2025-08-17-1546.tsx",
    "update-2025-08-17-1545.tsx",
    "update-2025-08-17-1544.tsx",
    "update-2025-08-17-1543.tsx",
    "update-2025-08-17-1542.tsx",
    "update-2025-08-17T18-41.tsx",
    "update-2025-08-17-1541.tsx",
    "update-2025-08-17-1840.tsx",
    "update-2025-08-17-1539.tsx",
    "update-2025-08-17-1538.tsx",
    "update-2025-08-17-1537.tsx"
  ],
  "metrics": {
    "diversityScore": 100,
    "avgLen": 2097,
    "duplicateCount": 0,
    "seoScore": 9
  },
  "guidance": [
    "Aim for varied intros, highlights, and CTAs across updates.",
    "Keep meta description and keywords present for each page.",
    "Include at least one external source highlight when available.",
    "Target 300–1000 characters per update for skim-ability."
  ]
}