{
  "generatedAt": "2025-08-16T00:49:01.740Z",
  "files": [
    "update-2025-08-15-2149.tsx",
    "update-2025-08-15-2148.tsx",
    "update-2025-08-15-2147.tsx",
    "update-2025-08-15-2146.tsx",
    "update-2025-08-15-2145.tsx",
    "update-2025-08-15-2144.tsx",
    "update-2025-08-15-2143.tsx",
    "update-2025-08-15-2142.tsx",
    "update-2025-08-15-2141.tsx",
    "update-2025-08-16T00-40.tsx",
    "update-2025-08-16-0040.tsx",
    "update-2025-08-15-2139.tsx",
    "update-2025-08-15-2138.tsx",
    "update-2025-08-15-2137.tsx",
    "update-2025-08-15-2136.tsx",
    "update-2025-08-15-2135.tsx",
    "update-2025-08-15-2134.tsx",
    "update-2025-08-15-2133.tsx",
    "update-2025-08-15-2132.tsx",
    "update-2025-08-15-2131.tsx",
    "update-2025-08-16T00-30.tsx",
    "update-2025-08-16-0030.tsx",
    "update-2025-08-15-2129.tsx",
    "update-2025-08-15-2128.tsx",
    "update-2025-08-15-2127.tsx",
    "update-2025-08-15-2126.tsx",
    "update-2025-08-15-2125.tsx",
    "update-2025-08-15-2124.tsx",
    "update-2025-08-15-2123.tsx",
    "update-2025-08-15-2122.tsx",
    "update-2025-08-15-2121.tsx",
    "update-2025-08-16T00-20.tsx",
    "update-2025-08-16-0020.tsx",
    "update-2025-08-15-2119.tsx",
    "update-2025-08-15-2118.tsx",
    "update-2025-08-15-2117.tsx",
    "update-2025-08-15-2116.tsx",
    "update-2025-08-15-2115.tsx",
    "update-2025-08-15-2114.tsx",
    "update-2025-08-15-2113.tsx",
    "update-2025-08-15-2112.tsx",
    "update-2025-08-15-2111.tsx",
    "update-2025-08-16T00-10.tsx",
    "update-2025-08-16-0010.tsx",
    "update-2025-08-15-2109.tsx",
    "update-2025-08-15-2108.tsx",
    "update-2025-08-15-2107.tsx",
    "update-2025-08-15-2106.tsx",
    "update-2025-08-15-2105.tsx",
    "update-2025-08-15-2104.tsx",
    "update-2025-08-15-2103.tsx",
    "update-2025-08-15-2102.tsx",
    "update-2025-08-15-2101.tsx",
    "update-2025-08-16T00-00.tsx",
    "update-2025-08-16-0000.tsx",
    "update-2025-08-15-2059.tsx",
    "update-2025-08-15-2058.tsx",
    "update-2025-08-15-2057.tsx",
    "update-2025-08-15-2056.tsx",
    "update-2025-08-15-2055.tsx",
    "update-2025-08-15-2054.tsx",
    "update-2025-08-15-2053.tsx",
    "update-2025-08-15-2051.tsx",
    "update-2025-08-15T23-50.tsx",
    "update-2025-08-15-2350.tsx",
    "update-2025-08-15-2049.tsx",
    "update-2025-08-15-2048.tsx",
    "update-2025-08-15-2047.tsx",
    "update-2025-08-15-2046.tsx",
    "update-2025-08-15-2045.tsx",
    "update-2025-08-15-2044.tsx",
    "update-2025-08-15-2043.tsx",
    "update-2025-08-15-2042.tsx",
    "update-2025-08-15-2041.tsx",
    "update-2025-08-15T23-40.tsx",
    "update-2025-08-15-2340.tsx",
    "update-2025-08-15-2039.tsx",
    "update-2025-08-15-2038.tsx",
    "update-2025-08-15-2037.tsx",
    "update-2025-08-15-2036.tsx",
    "update-2025-08-15-2034.tsx",
    "update-2025-08-15-2033.tsx",
    "update-2025-08-15-2032.tsx",
    "update-2025-08-15-2031.tsx",
    "update-2025-08-15T23-30.tsx",
    "update-2025-08-15-2330.tsx",
    "update-2025-08-15-2029.tsx",
    "update-2025-08-15-2028.tsx",
    "update-2025-08-15-2027.tsx",
    "update-2025-08-15-2026.tsx",
    "update-2025-08-15-2025.tsx",
    "update-2025-08-15-2024.tsx",
    "update-2025-08-15-2023.tsx",
    "update-2025-08-15-2022.tsx",
    "update-2025-08-15-2021.tsx",
    "update-2025-08-15T23-20.tsx",
    "update-2025-08-15-2320.tsx",
    "update-2025-08-15-2019.tsx",
    "update-2025-08-15-2018.tsx",
    "update-2025-08-15-2017.tsx"
  ],
  "metrics": {
    "diversityScore": 100,
    "avgLen": 2101,
    "duplicateCount": 0,
    "seoScore": 9
  },
  "guidance": [
    "Aim for varied intros, highlights, and CTAs across updates.",
    "Keep meta description and keywords present for each page.",
    "Include at least one external source highlight when available.",
    "Target 300–1000 characters per update for skim-ability."
  ]
}