{
  "generatedAt": "2025-08-15T12:55:01.138Z",
  "files": [
    "update-2025-08-15-0955.tsx",
    "update-2025-08-15-0954.tsx",
    "update-2025-08-15-0953.tsx",
    "update-2025-08-15-0952.tsx",
    "update-2025-08-15-0951.tsx",
    "update-2025-08-15T12-50.tsx",
    "update-2025-08-15-1250.tsx",
    "update-2025-08-15-0949.tsx",
    "update-2025-08-15-0948.tsx",
    "update-2025-08-15T12-42.tsx",
    "update-2025-08-15T12-41.tsx",
    "update-2025-08-15T12-40.tsx",
    "update-2025-08-15-1242.tsx",
    "update-2025-08-15-1240.tsx",
    "update-2025-08-15-0945.tsx",
    "update-2025-08-15-0944.tsx",
    "update-2025-08-15-0943.tsx",
    "update-2025-08-15-0942.tsx",
    "update-2025-08-15-0941.tsx",
    "update-2025-08-15-0947.tsx",
    "update-2025-08-15-0940.tsx",
    "update-2025-08-15T12-30.tsx",
    "update-2025-08-15-1230.tsx",
    "update-2025-08-15-0938.tsx",
    "update-2025-08-15-0937.tsx",
    "update-2025-08-15-0936.tsx",
    "update-2025-08-15-0935.tsx",
    "update-2025-08-15-0934.tsx",
    "update-2025-08-15-0933.tsx",
    "update-2025-08-15-0932.tsx",
    "update-2025-08-15-0931.tsx",
    "update-2025-08-15-0930.tsx",
    "update-2025-08-15-0929.tsx",
    "update-2025-08-15-0928.tsx",
    "update-2025-08-15-0927.tsx",
    "update-2025-08-15-0926.tsx",
    "update-2025-08-15-0925.tsx",
    "update-2025-08-15-0924.tsx",
    "update-2025-08-15-0923.tsx",
    "update-2025-08-15-0921.tsx",
    "update-2025-08-15T12-20.tsx",
    "update-2025-08-15-1220.tsx",
    "update-2025-08-15-0920.tsx",
    "update-2025-08-15-0919.tsx",
    "update-2025-08-15-0918.tsx",
    "update-2025-08-15-0917.tsx",
    "update-2025-08-15T10-34.tsx",
    "update-2025-08-15-0916.tsx",
    "update-2025-08-15T11-07.tsx",
    "update-2025-08-15T11-19.tsx",
    "update-2025-08-15-0903.tsx",
    "update-2025-08-15-0915.tsx",
    "update-2025-08-15-0914.tsx",
    "update-2025-08-15T12-09.tsx",
    "update-2025-08-15-1209.tsx",
    "update-2025-08-15-1119.tsx",
    "update-2025-08-15-1107.tsx",
    "update-2025-08-15-1034.tsx",
    "update-2025-08-15-0508.tsx",
    "update-2025-08-15-0507.tsx",
    "update-2025-08-15-0458.tsx",
    "update-2025-08-15-0457.tsx",
    "update-2025-08-15-0456.tsx",
    "update-2025-08-15-0455.tsx",
    "update-2025-08-15T09-08.tsx",
    "update-2025-08-15T09-07.tsx",
    "update-2025-08-15-0907.tsx",
    "update-2025-08-15T09-04.tsx",
    "update-2025-08-15-0904.tsx",
    "update-2025-08-15T09-00.tsx",
    "update-2025-08-15-0900.tsx",
    "update-2025-08-15T08-59.tsx",
    "update-2025-08-15-0859.tsx",
    "update-2025-08-15T08-57.tsx",
    "update-2025-08-15-0857.tsx",
    "update-2025-08-15T08-56.tsx",
    "update-2025-08-15-0856.tsx",
    "update-2025-08-15-0554.tsx",
    "update-2025-08-15T08-55.tsx",
    "update-2025-08-15-0855.tsx",
    "update-2025-08-15-0555.tsx",
    "update-2025-08-15T08-53.tsx",
    "update-2025-08-15-0853.tsx",
    "update-2025-08-15-0553.tsx",
    "update-2025-08-15-0552.tsx",
    "update-2025-08-15-0852.tsx",
    "update-2025-08-15T08-51.tsx",
    "update-2025-08-15-0851.tsx",
    "update-2025-08-15T08-50.tsx",
    "update-2025-08-15-0850.tsx",
    "update-2025-08-15-0549.tsx",
    "update-2025-08-15-0551.tsx",
    "update-2025-08-15T08-47.tsx",
    "update-2025-08-15-0847.tsx",
    "update-2025-08-15T08-46.tsx",
    "update-2025-08-15-0846.tsx",
    "update-2025-08-15-0546.tsx",
    "update-2025-08-15-0547.tsx",
    "update-2025-08-15T08-45.tsx",
    "update-2025-08-15-0845.tsx"
  ],
  "metrics": {
    "diversityScore": 100,
    "avgLen": 1973,
    "duplicateCount": 0,
    "seoScore": 23
  },
  "guidance": [
    "Aim for varied intros, highlights, and CTAs across updates.",
    "Keep meta description and keywords present for each page.",
    "Include at least one external source highlight when available.",
    "Target 300–1000 characters per update for skim-ability."
  ]
}