{
  "generatedAt": "2025-08-17T13:59:01.370Z",
  "files": [
    "update-2025-08-17-1059.tsx",
    "update-2025-08-17-1058.tsx",
    "update-2025-08-17-1057.tsx",
    "update-2025-08-17-1056.tsx",
    "update-2025-08-17-1055.tsx",
    "update-2025-08-17-1054.tsx",
    "update-2025-08-17-1053.tsx",
    "update-2025-08-17-1052.tsx",
    "update-2025-08-17-1051.tsx",
    "update-2025-08-17T13-50.tsx",
    "update-2025-08-17-1350.tsx",
    "update-2025-08-17-1049.tsx",
    "update-2025-08-17-1048.tsx",
    "update-2025-08-17-1047.tsx",
    "update-2025-08-17-1046.tsx",
    "update-2025-08-17-1045.tsx",
    "update-2025-08-17-1044.tsx",
    "update-2025-08-17-1043.tsx",
    "update-2025-08-17-1042.tsx",
    "update-2025-08-17-1041.tsx",
    "update-2025-08-17T13-40.tsx",
    "update-2025-08-17-1340.tsx",
    "update-2025-08-17-1039.tsx",
    "update-2025-08-17-1038.tsx",
    "update-2025-08-17-1037.tsx",
    "update-2025-08-17-1036.tsx",
    "update-2025-08-17-1035.tsx",
    "update-2025-08-17-1034.tsx",
    "update-2025-08-17-1033.tsx",
    "update-2025-08-17-1032.tsx",
    "update-2025-08-17-1031.tsx",
    "update-2025-08-17T13-30.tsx",
    "update-2025-08-17-1330.tsx",
    "update-2025-08-17-1029.tsx",
    "update-2025-08-17-1028.tsx",
    "update-2025-08-17-1027.tsx",
    "update-2025-08-17-1026.tsx",
    "update-2025-08-17-1025.tsx",
    "update-2025-08-17-1024.tsx",
    "update-2025-08-17-1023.tsx",
    "update-2025-08-17-1022.tsx",
    "update-2025-08-17-1021.tsx",
    "update-2025-08-17T13-20.tsx",
    "update-2025-08-17-1320.tsx",
    "update-2025-08-17-1019.tsx",
    "update-2025-08-17-1018.tsx",
    "update-2025-08-17-1017.tsx",
    "update-2025-08-17-1016.tsx",
    "update-2025-08-17-1015.tsx",
    "update-2025-08-17-1014.tsx",
    "update-2025-08-17-1013.tsx",
    "update-2025-08-17-1012.tsx",
    "update-2025-08-17-1011.tsx",
    "update-2025-08-17T13-10.tsx",
    "update-2025-08-17-1310.tsx",
    "update-2025-08-17-1009.tsx",
    "update-2025-08-17-1008.tsx",
    "update-2025-08-17-1007.tsx",
    "update-2025-08-17-1006.tsx",
    "update-2025-08-17-1005.tsx",
    "update-2025-08-17-1004.tsx",
    "update-2025-08-17-1003.tsx",
    "update-2025-08-17-1002.tsx",
    "update-2025-08-17-1001.tsx",
    "update-2025-08-17T13-00.tsx",
    "update-2025-08-17-1300.tsx",
    "update-2025-08-17-0959.tsx",
    "update-2025-08-17-0958.tsx",
    "update-2025-08-17-0957.tsx",
    "update-2025-08-17-0956.tsx",
    "update-2025-08-17-0955.tsx",
    "update-2025-08-17-0954.tsx",
    "update-2025-08-17-0953.tsx",
    "update-2025-08-17-0952.tsx",
    "update-2025-08-17-0951.tsx",
    "update-2025-08-17T12-50.tsx",
    "update-2025-08-17-1250.tsx",
    "update-2025-08-17-0949.tsx",
    "update-2025-08-17-0948.tsx",
    "update-2025-08-17-0947.tsx",
    "update-2025-08-17-0946.tsx",
    "update-2025-08-17-0945.tsx",
    "update-2025-08-17-0944.tsx",
    "update-2025-08-17-0943.tsx",
    "update-2025-08-17-0942.tsx",
    "update-2025-08-17-0941.tsx",
    "update-2025-08-17T12-40.tsx",
    "update-2025-08-17-1240.tsx",
    "update-2025-08-17-0939.tsx",
    "update-2025-08-17-0938.tsx",
    "update-2025-08-17-0937.tsx",
    "update-2025-08-17-0936.tsx",
    "update-2025-08-17-0935.tsx",
    "update-2025-08-17-0934.tsx",
    "update-2025-08-17-0933.tsx",
    "update-2025-08-17-0932.tsx",
    "update-2025-08-17-0931.tsx",
    "update-2025-08-17T12-30.tsx",
    "update-2025-08-17-1230.tsx",
    "update-2025-08-17-0929.tsx"
  ],
  "metrics": {
    "diversityScore": 100,
    "avgLen": 2102,
    "duplicateCount": 0,
    "seoScore": 9
  },
  "guidance": [
    "Aim for varied intros, highlights, and CTAs across updates.",
    "Keep meta description and keywords present for each page.",
    "Include at least one external source highlight when available.",
    "Target 300–1000 characters per update for skim-ability."
  ]
}