{
  "generatedAt": "2025-08-15T15:30:02.333Z",
  "files": [
    "update-2025-08-15-1229.tsx",
    "update-2025-08-15-1228.tsx",
    "update-2025-08-15-1227.tsx",
    "update-2025-08-15-1226.tsx",
    "update-2025-08-15-1225.tsx",
    "update-2025-08-15-1224.tsx",
    "update-2025-08-15-1223.tsx",
    "update-2025-08-15-1222.tsx",
    "update-2025-08-15-1221.tsx",
    "update-2025-08-15T15-20.tsx",
    "update-2025-08-15-1520.tsx",
    "update-2025-08-15-1219.tsx",
    "update-2025-08-15-1218.tsx",
    "update-2025-08-15-1217.tsx",
    "update-2025-08-15-1216.tsx",
    "update-2025-08-15-1215.tsx",
    "update-2025-08-15-1214.tsx",
    "update-2025-08-15-1213.tsx",
    "update-2025-08-15-1212.tsx",
    "update-2025-08-15-1211.tsx",
    "update-2025-08-15T15-10.tsx",
    "update-2025-08-15-1510.tsx",
    "update-2025-08-15-1210.tsx",
    "update-2025-08-15-1208.tsx",
    "update-2025-08-15-1207.tsx",
    "update-2025-08-15-1206.tsx",
    "update-2025-08-15-1205.tsx",
    "update-2025-08-15-1204.tsx",
    "update-2025-08-15-1203.tsx",
    "update-2025-08-15-1202.tsx",
    "update-2025-08-15-1201.tsx",
    "update-2025-08-15T15-00.tsx",
    "update-2025-08-15-1500.tsx",
    "update-2025-08-15-1200.tsx",
    "update-2025-08-15-1159.tsx",
    "update-2025-08-15-1158.tsx",
    "update-2025-08-15-1157.tsx",
    "update-2025-08-15-1156.tsx",
    "update-2025-08-15-1155.tsx",
    "update-2025-08-15-1154.tsx",
    "update-2025-08-15-1153.tsx",
    "update-2025-08-15-1152.tsx",
    "update-2025-08-15-1151.tsx",
    "update-2025-08-15T14-50.tsx",
    "update-2025-08-15-1450.tsx",
    "update-2025-08-15-1150.tsx",
    "update-2025-08-15-1149.tsx",
    "update-2025-08-15-1148.tsx",
    "update-2025-08-15-1147.tsx",
    "update-2025-08-15-1146.tsx",
    "update-2025-08-15-1145.tsx",
    "update-2025-08-15-1144.tsx",
    "update-2025-08-15-1143.tsx",
    "update-2025-08-15-1142.tsx",
    "update-2025-08-15-1141.tsx",
    "update-2025-08-15T14-40.tsx",
    "update-2025-08-15-1440.tsx",
    "update-2025-08-15-1140.tsx",
    "update-2025-08-15-1139.tsx",
    "update-2025-08-15-1138.tsx",
    "update-2025-08-15-1137.tsx",
    "update-2025-08-15-1136.tsx",
    "update-2025-08-15-1135.tsx",
    "update-2025-08-15-1134.tsx",
    "update-2025-08-15-1133.tsx",
    "update-2025-08-15-1132.tsx",
    "update-2025-08-15-1131.tsx",
    "update-2025-08-15T14-30.tsx",
    "update-2025-08-15-1430.tsx",
    "update-2025-08-15-1130.tsx",
    "update-2025-08-15-1129.tsx",
    "update-2025-08-15-1128.tsx",
    "update-2025-08-15-1127.tsx",
    "update-2025-08-15-1126.tsx",
    "update-2025-08-15-1125.tsx",
    "update-2025-08-15-1124.tsx",
    "update-2025-08-15-1123.tsx",
    "update-2025-08-15-1122.tsx",
    "update-2025-08-15-1121.tsx",
    "update-2025-08-15T14-20.tsx",
    "update-2025-08-15-1420.tsx",
    "update-2025-08-15-1120.tsx",
    "update-2025-08-15-1118.tsx",
    "update-2025-08-15-1117.tsx",
    "update-2025-08-15-1116.tsx",
    "update-2025-08-15-1115.tsx",
    "update-2025-08-15-1114.tsx",
    "update-2025-08-15-1113.tsx",
    "update-2025-08-15-1112.tsx",
    "update-2025-08-15-1111.tsx",
    "update-2025-08-15T14-10.tsx",
    "update-2025-08-15-1410.tsx",
    "update-2025-08-15-1110.tsx",
    "update-2025-08-15-1109.tsx",
    "update-2025-08-15-1108.tsx",
    "update-2025-08-15-1058.tsx",
    "update-2025-08-15-1057.tsx",
    "update-2025-08-15-1056.tsx",
    "update-2025-08-15-1055.tsx",
    "update-2025-08-15-1054.tsx"
  ],
  "metrics": {
    "diversityScore": 100,
    "avgLen": 2111,
    "duplicateCount": 0,
    "seoScore": 8
  },
  "guidance": [
    "Aim for varied intros, highlights, and CTAs across updates.",
    "Keep meta description and keywords present for each page.",
    "Include at least one external source highlight when available.",
    "Target 300–1000 characters per update for skim-ability."
  ]
}