{
  "generatedAt": "2025-08-15T03:01:00.758Z",
  "files": [
    "update-2025-08-15-0001.tsx",
    "update-2025-08-15T03-00.tsx",
    "update-2025-08-15-0300.tsx",
    "update-2025-08-15-0000.tsx",
    "update-2025-08-14-2359.tsx",
    "update-2025-08-14-2358.tsx",
    "update-2025-08-14-2357.tsx",
    "update-2025-08-14-2356.tsx",
    "update-2025-08-14-2355.tsx",
    "update-2025-08-14-2354.tsx",
    "update-2025-08-14-2353.tsx",
    "update-2025-08-14-2352.tsx",
    "update-2025-08-14-2351.tsx",
    "update-2025-08-14-2350.tsx",
    "update-2025-08-15T02-50.tsx",
    "update-2025-08-15-0250.tsx",
    "update-2025-08-14-2349.tsx",
    "update-2025-08-14-2348.tsx",
    "update-2025-08-14-2347.tsx",
    "update-2025-08-14-2346.tsx",
    "update-2025-08-14-2345.tsx",
    "update-2025-08-14-2344.tsx",
    "update-2025-08-14-2343.tsx",
    "update-2025-08-14-2342.tsx",
    "update-2025-08-14-2341.tsx",
    "update-2025-08-14-2340.tsx",
    "update-2025-08-15T02-40.tsx",
    "update-2025-08-15-0240.tsx",
    "update-2025-08-14-2339.tsx",
    "update-2025-08-14-2338.tsx",
    "update-2025-08-14-2337.tsx",
    "update-2025-08-14-2336.tsx",
    "update-2025-08-14-2335.tsx",
    "update-2025-08-14-2334.tsx",
    "update-2025-08-14-2333.tsx",
    "update-2025-08-14-2332.tsx",
    "update-2025-08-14-2331.tsx",
    "update-2025-08-14-2330.tsx",
    "update-2025-08-15T02-30.tsx",
    "update-2025-08-15-0230.tsx",
    "update-2025-08-14-2329.tsx",
    "update-2025-08-14-2328.tsx",
    "update-2025-08-14-2327.tsx",
    "update-2025-08-14-2326.tsx",
    "update-2025-08-14-2325.tsx",
    "update-2025-08-14-2324.tsx",
    "update-2025-08-14-2323.tsx",
    "update-2025-08-14-2322.tsx",
    "update-2025-08-14-2321.tsx",
    "update-2025-08-15T02-20.tsx",
    "update-2025-08-15-0220.tsx",
    "update-2025-08-14-2320.tsx",
    "update-2025-08-14-2318.tsx",
    "update-2025-08-15-0218.tsx",
    "update-2025-08-14-2319.tsx",
    "update-2025-08-15T02-19.tsx",
    "update-2025-08-15-0219.tsx",
    "update-2025-08-15T02-18.tsx",
    "update-2025-08-14-2317.tsx",
    "update-2025-08-14-2316.tsx",
    "update-2025-08-15T02-16.tsx",
    "update-2025-08-14-2315.tsx",
    "update-2025-08-15T02-14.tsx",
    "update-2025-08-15-0214.tsx",
    "update-2025-08-14-2314.tsx",
    "update-2025-08-15T02-13.tsx",
    "update-2025-08-15-0213.tsx",
    "update-2025-08-14-2313.tsx",
    "update-2025-08-15T02-12.tsx",
    "update-2025-08-14-2312.tsx",
    "update-2025-08-15-0211.tsx",
    "update-2025-08-14-2311.tsx"
  ],
  "metrics": {
    "diversityScore": 100,
    "avgLen": 2056,
    "duplicateCount": 0,
    "seoScore": 14
  },
  "guidance": [
    "Aim for varied intros, highlights, and CTAs across updates.",
    "Keep meta description and keywords present for each page.",
    "Include at least one external source highlight when available.",
    "Target 300–1000 characters per update for skim-ability."
  ]
}