{
  "generatedAt": "2025-08-18T11:05:58.255Z",
  "files": [
    "update-2025-08-18T11-05.tsx",
    "update-2025-08-18-1105.tsx",
    "update-2025-08-18-0805.tsx",
    "update-2025-08-18T11-04.tsx",
    "update-2025-08-18-1104.tsx",
    "update-2025-08-18-0804.tsx",
    "update-2025-08-18T11-03.tsx",
    "update-2025-08-18-1103.tsx",
    "update-2025-08-18-0803.tsx",
    "update-2025-08-18T11-02.tsx",
    "update-2025-08-18-1102.tsx",
    "update-2025-08-18-0802.tsx",
    "update-2025-08-18-0801.tsx",
    "update-2025-08-18T11-00.tsx",
    "update-2025-08-18-1100.tsx",
    "update-2025-08-18-0759.tsx",
    "update-2025-08-18T10-58.tsx",
    "update-2025-08-18-1058.tsx",
    "update-2025-08-18-0758.tsx",
    "update-2025-08-18T10-56.tsx",
    "update-2025-08-18-1056.tsx",
    "update-2025-08-18-0756.tsx",
    "update-2025-08-18T10-55.tsx",
    "update-2025-08-18-1055.tsx",
    "update-2025-08-18-0755.tsx",
    "update-2025-08-18-0744.tsx",
    "update-2025-08-18-0743.tsx",
    "update-2025-08-18-0742.tsx",
    "update-2025-08-18T10-41.tsx",
    "update-2025-08-18-1041.tsx",
    "update-2025-08-18-0741.tsx",
    "update-2025-08-18-0723.tsx",
    "update-2025-08-18-0722.tsx",
    "update-2025-08-18-0721.tsx",
    "update-2025-08-18T10-20.tsx",
    "update-2025-08-18-1020.tsx",
    "update-2025-08-18-0720.tsx",
    "update-2025-08-18-0719.tsx",
    "update-2025-08-18-0718.tsx",
    "update-2025-08-18-0717.tsx",
    "update-2025-08-18-0716.tsx",
    "update-2025-08-18-0715.tsx",
    "update-2025-08-18-0714.tsx",
    "update-2025-08-18-0712.tsx",
    "update-2025-08-18-0711.tsx",
    "update-2025-08-18T10-10.tsx",
    "update-2025-08-18-1010.tsx",
    "update-2025-08-18-0709.tsx",
    "update-2025-08-18-0708.tsx",
    "update-2025-08-18-0707.tsx",
    "update-2025-08-18-0706.tsx",
    "update-2025-08-18-0705.tsx",
    "update-2025-08-18-0704.tsx",
    "update-2025-08-18-0703.tsx",
    "update-2025-08-18-0702.tsx",
    "update-2025-08-18-0701.tsx",
    "update-2025-08-18T10-00.tsx",
    "update-2025-08-18-1000.tsx",
    "update-2025-08-18-0659.tsx",
    "update-2025-08-18-0658.tsx",
    "update-2025-08-18-0657.tsx",
    "update-2025-08-18-0656.tsx",
    "update-2025-08-18-0654.tsx",
    "update-2025-08-18-0653.tsx",
    "update-2025-08-18-0652.tsx",
    "update-2025-08-18T09-50.tsx",
    "update-2025-08-18-0950.tsx",
    "update-2025-08-18-0650.tsx",
    "update-2025-08-18-0648.tsx",
    "update-2025-08-18-0646.tsx",
    "update-2025-08-18-0645.tsx",
    "update-2025-08-18-0643.tsx",
    "update-2025-08-18-0642.tsx",
    "update-2025-08-18-0641.tsx",
    "update-2025-08-18T09-40.tsx",
    "update-2025-08-18-0940.tsx",
    "update-2025-08-18-0638.tsx",
    "update-2025-08-18-0637.tsx",
    "update-2025-08-18-0636.tsx",
    "update-2025-08-18-0635.tsx",
    "update-2025-08-18-0634.tsx",
    "update-2025-08-18-0633.tsx",
    "update-2025-08-18-0632.tsx",
    "update-2025-08-18-0631.tsx",
    "update-2025-08-18T09-30.tsx",
    "update-2025-08-18-0930.tsx",
    "update-2025-08-18-0630.tsx",
    "update-2025-08-18-0629.tsx",
    "update-2025-08-18-0628.tsx",
    "update-2025-08-18-0627.tsx",
    "update-2025-08-18-0626.tsx",
    "update-2025-08-18-0625.tsx",
    "update-2025-08-18-0624.tsx",
    "update-2025-08-18-0623.tsx",
    "update-2025-08-18-0622.tsx",
    "update-2025-08-18-0621.tsx",
    "update-2025-08-18T09-20.tsx",
    "update-2025-08-18-0920.tsx",
    "update-2025-08-18-0619.tsx",
    "update-2025-08-18-0618.tsx"
  ],
  "metrics": {
    "diversityScore": 100,
    "avgLen": 2050,
    "duplicateCount": 0,
    "seoScore": 16
  },
  "guidance": [
    "Aim for varied intros, highlights, and CTAs across updates.",
    "Keep meta description and keywords present for each page.",
    "Include at least one external source highlight when available.",
    "Target 300–1000 characters per update for skim-ability."
  ]
}