{
  "generatedAt": "2025-08-16T21:33:01.290Z",
  "files": [
    "update-2025-08-16-1833.tsx",
    "update-2025-08-16-1832.tsx",
    "update-2025-08-16-1831.tsx",
    "update-2025-08-16T21-30.tsx",
    "update-2025-08-16-2130.tsx",
    "update-2025-08-16-1830.tsx",
    "update-2025-08-16-1829.tsx",
    "update-2025-08-16-1828.tsx",
    "update-2025-08-16-1827.tsx",
    "update-2025-08-16-1826.tsx",
    "update-2025-08-16-1825.tsx",
    "update-2025-08-16T21-10.tsx",
    "update-2025-08-16T21-00.tsx",
    "update-2025-08-16-2110.tsx",
    "update-2025-08-16-2100.tsx",
    "update-2025-08-16-1816.tsx",
    "update-2025-08-16-1815.tsx",
    "update-2025-08-16-1814.tsx",
    "update-2025-08-16-1813.tsx",
    "update-2025-08-16-1812.tsx",
    "update-2025-08-16-1811.tsx",
    "update-2025-08-16-1810.tsx",
    "update-2025-08-16-1809.tsx",
    "update-2025-08-16-1808.tsx",
    "update-2025-08-16-1807.tsx",
    "update-2025-08-16-1806.tsx",
    "update-2025-08-16-1805.tsx",
    "update-2025-08-16-1804.tsx",
    "update-2025-08-16-1803.tsx",
    "update-2025-08-16-1802.tsx",
    "update-2025-08-16-1801.tsx",
    "update-2025-08-16-1800.tsx",
    "update-2025-08-16-1759.tsx",
    "update-2025-08-16-1758.tsx",
    "update-2025-08-16-1824.tsx",
    "update-2025-08-16-1823.tsx",
    "update-2025-08-16-1820.tsx",
    "update-2025-08-16-1818.tsx",
    "update-2025-08-16T09-50.tsx",
    "update-2025-08-16-0950.tsx",
    "update-2025-08-16T08-00.tsx",
    "update-2025-08-16-0800.tsx",
    "update-2025-08-16T07-00.tsx",
    "update-2025-08-16-0700.tsx",
    "update-2025-08-16-0203.tsx",
    "update-2025-08-16-0202.tsx",
    "update-2025-08-15-2221.tsx",
    "update-2025-08-16T01-20.tsx",
    "update-2025-08-16-0120.tsx",
    "update-2025-08-15-2219.tsx",
    "update-2025-08-15-2218.tsx",
    "update-2025-08-15-2217.tsx",
    "update-2025-08-15-2216.tsx",
    "update-2025-08-15-2215.tsx",
    "update-2025-08-15-2214.tsx",
    "update-2025-08-15-2213.tsx",
    "update-2025-08-15-2212.tsx",
    "update-2025-08-15-2211.tsx",
    "update-2025-08-16T01-10.tsx",
    "update-2025-08-16-0110.tsx",
    "update-2025-08-15-2209.tsx",
    "update-2025-08-15-2208.tsx",
    "update-2025-08-15-2207.tsx",
    "update-2025-08-15-2206.tsx",
    "update-2025-08-15-2205.tsx",
    "update-2025-08-15-2204.tsx",
    "update-2025-08-15-2203.tsx",
    "update-2025-08-15-2202.tsx",
    "update-2025-08-15-2201.tsx",
    "update-2025-08-16T01-00.tsx",
    "update-2025-08-16-0100.tsx",
    "update-2025-08-15-2159.tsx",
    "update-2025-08-15-2158.tsx",
    "update-2025-08-15-2157.tsx",
    "update-2025-08-15-2156.tsx",
    "update-2025-08-15-2155.tsx",
    "update-2025-08-15-2154.tsx",
    "update-2025-08-15-2153.tsx",
    "update-2025-08-15-2152.tsx",
    "update-2025-08-15-2151.tsx",
    "update-2025-08-16T00-50.tsx",
    "update-2025-08-16-0050.tsx",
    "update-2025-08-15-2149.tsx",
    "update-2025-08-15-2148.tsx",
    "update-2025-08-15-2147.tsx",
    "update-2025-08-15-2146.tsx",
    "update-2025-08-15-2145.tsx",
    "update-2025-08-15-2144.tsx",
    "update-2025-08-15-2143.tsx",
    "update-2025-08-15-2142.tsx",
    "update-2025-08-15-2141.tsx",
    "update-2025-08-16T00-40.tsx",
    "update-2025-08-16-0040.tsx",
    "update-2025-08-15-2139.tsx",
    "update-2025-08-15-2138.tsx",
    "update-2025-08-15-2137.tsx",
    "update-2025-08-15-2136.tsx",
    "update-2025-08-15-2135.tsx",
    "update-2025-08-15-2134.tsx",
    "update-2025-08-15-2133.tsx"
  ],
  "metrics": {
    "diversityScore": 100,
    "avgLen": 2083,
    "duplicateCount": 0,
    "seoScore": 11
  },
  "guidance": [
    "Aim for varied intros, highlights, and CTAs across updates.",
    "Keep meta description and keywords present for each page.",
    "Include at least one external source highlight when available.",
    "Target 300–1000 characters per update for skim-ability."
  ]
}