{
  "generatedAt": "2025-08-18T15:51:53.028Z",
  "files": [
    "update-2025-08-18-1251.tsx",
    "update-2025-08-18T15-50.tsx",
    "update-2025-08-18-1243.tsx",
    "update-2025-08-18-1550.tsx",
    "update-2025-08-18-1250.tsx",
    "update-2025-08-18T15-49.tsx",
    "update-2025-08-18-1249.tsx",
    "update-2025-08-18-1549.tsx",
    "update-2025-08-18T15-48.tsx",
    "update-2025-08-18-1548.tsx",
    "update-2025-08-18-1248.tsx",
    "update-2025-08-18-1247.tsx",
    "update-2025-08-18-1246.tsx",
    "update-2025-08-18T15-45.tsx",
    "update-2025-08-18-1545.tsx",
    "update-2025-08-18-1245.tsx",
    "update-2025-08-18T15-44.tsx",
    "update-2025-08-18-1544.tsx",
    "update-2025-08-18-1244.tsx",
    "update-2025-08-18T15-43.tsx",
    "update-2025-08-18-1543.tsx",
    "update-2025-08-18T15-42.tsx",
    "update-2025-08-18-1542.tsx",
    "update-2025-08-18T15-41.tsx",
    "update-2025-08-18-1541.tsx",
    "update-2025-08-18T15-40.tsx",
    "update-2025-08-18-1540.tsx",
    "update-2025-08-18T15-39.tsx",
    "update-2025-08-18-1539.tsx",
    "update-2025-08-18T15-38.tsx",
    "update-2025-08-18-1538.tsx",
    "update-2025-08-18T15-37.tsx",
    "update-2025-08-18-1537.tsx",
    "update-2025-08-18T15-36.tsx",
    "update-2025-08-18-1536.tsx",
    "update-2025-08-18T15-34.tsx",
    "update-2025-08-18-1534.tsx",
    "update-2025-08-18T15-33.tsx",
    "update-2025-08-18-1533.tsx",
    "update-2025-08-18T15-32.tsx",
    "update-2025-08-18-1532.tsx",
    "update-2025-08-18T15-31.tsx",
    "update-2025-08-18-1531.tsx",
    "update-2025-08-18T15-30.tsx",
    "update-2025-08-18-1530.tsx",
    "update-2025-08-18T15-29.tsx",
    "update-2025-08-18-1529.tsx",
    "update-2025-08-18T15-28.tsx",
    "update-2025-08-18-1528.tsx",
    "update-2025-08-18-1228.tsx",
    "update-2025-08-18T15-27.tsx",
    "update-2025-08-18-1527.tsx",
    "update-2025-08-18-1227.tsx",
    "update-2025-08-18-1526.tsx",
    "update-2025-08-18-1226.tsx",
    "update-2025-08-18T15-25.tsx",
    "update-2025-08-18-1525.tsx",
    "update-2025-08-18-1225.tsx",
    "update-2025-08-18T15-24.tsx",
    "update-2025-08-18-1224.tsx",
    "update-2025-08-18-1524.tsx",
    "update-2025-08-18T15-23.tsx",
    "update-2025-08-18-1523.tsx",
    "update-2025-08-18-1223.tsx",
    "update-2025-08-18T15-22.tsx",
    "update-2025-08-18-1522.tsx",
    "update-2025-08-18-1222.tsx",
    "update-2025-08-18T15-21.tsx",
    "update-2025-08-18-1521.tsx",
    "update-2025-08-18-1221.tsx",
    "update-2025-08-18T15-20.tsx",
    "update-2025-08-18-1520.tsx",
    "update-2025-08-18-1220.tsx",
    "update-2025-08-18-1219.tsx",
    "update-2025-08-18T15-19.tsx",
    "update-2025-08-18-1519.tsx",
    "update-2025-08-18T15-17.tsx",
    "update-2025-08-18-1517.tsx",
    "update-2025-08-18-1217.tsx",
    "update-2025-08-18T15-16.tsx",
    "update-2025-08-18-1516.tsx",
    "update-2025-08-18-1216.tsx",
    "update-2025-08-18T15-15.tsx",
    "update-2025-08-18-1515.tsx",
    "update-2025-08-18-1215.tsx",
    "update-2025-08-18T15-14.tsx",
    "update-2025-08-18-1514.tsx",
    "update-2025-08-18-1214.tsx",
    "update-2025-08-18T15-13.tsx",
    "update-2025-08-18-1513.tsx",
    "update-2025-08-18-1213.tsx",
    "update-2025-08-18T15-12.tsx",
    "update-2025-08-18-1512.tsx",
    "update-2025-08-18-1212.tsx",
    "update-2025-08-18-1211.tsx",
    "update-2025-08-18T15-10.tsx",
    "update-2025-08-18-1510.tsx",
    "update-2025-08-18-1210.tsx",
    "update-2025-08-18T15-09.tsx",
    "update-2025-08-18-1509.tsx"
  ],
  "metrics": {
    "diversityScore": 100,
    "avgLen": 1857,
    "duplicateCount": 0,
    "seoScore": 37
  },
  "guidance": [
    "Aim for varied intros, highlights, and CTAs across updates.",
    "Keep meta description and keywords present for each page.",
    "Include at least one external source highlight when available.",
    "Target 300–1000 characters per update for skim-ability."
  ]
}