{
  "generatedAt": "2025-08-17T11:33:01.349Z",
  "files": [
    "update-2025-08-17-0833.tsx",
    "update-2025-08-17-0832.tsx",
    "update-2025-08-17-0831.tsx",
    "update-2025-08-17T11-30.tsx",
    "update-2025-08-17-1130.tsx",
    "update-2025-08-17-0829.tsx",
    "update-2025-08-17-0828.tsx",
    "update-2025-08-17-0827.tsx",
    "update-2025-08-17-0826.tsx",
    "update-2025-08-17-0825.tsx",
    "update-2025-08-17-0824.tsx",
    "update-2025-08-17-0823.tsx",
    "update-2025-08-17-0822.tsx",
    "update-2025-08-17-0821.tsx",
    "update-2025-08-17T11-20.tsx",
    "update-2025-08-17-1120.tsx",
    "update-2025-08-17-0819.tsx",
    "update-2025-08-17-0818.tsx",
    "update-2025-08-17-0817.tsx",
    "update-2025-08-17-0816.tsx",
    "update-2025-08-17-0815.tsx",
    "update-2025-08-17-0814.tsx",
    "update-2025-08-17-0813.tsx",
    "update-2025-08-17-0812.tsx",
    "update-2025-08-17-0811.tsx",
    "update-2025-08-17T11-10.tsx",
    "update-2025-08-17-1110.tsx",
    "update-2025-08-17-0809.tsx",
    "update-2025-08-17-0808.tsx",
    "update-2025-08-17-0807.tsx",
    "update-2025-08-17-0806.tsx",
    "update-2025-08-17-0805.tsx",
    "update-2025-08-17-0804.tsx",
    "update-2025-08-17-0803.tsx",
    "update-2025-08-17-0802.tsx",
    "update-2025-08-17-0801.tsx",
    "update-2025-08-17T11-00.tsx",
    "update-2025-08-17-1100.tsx",
    "update-2025-08-17-0759.tsx",
    "update-2025-08-17-0758.tsx",
    "update-2025-08-17-0757.tsx",
    "update-2025-08-17-0756.tsx",
    "update-2025-08-17-0755.tsx",
    "update-2025-08-17-0754.tsx",
    "update-2025-08-17-0753.tsx",
    "update-2025-08-17-0752.tsx",
    "update-2025-08-17-0751.tsx",
    "update-2025-08-17T10-50.tsx",
    "update-2025-08-17-1050.tsx",
    "update-2025-08-17-0749.tsx",
    "update-2025-08-17-0748.tsx",
    "update-2025-08-17-0747.tsx",
    "update-2025-08-17-0746.tsx",
    "update-2025-08-17-0745.tsx",
    "update-2025-08-17-0744.tsx",
    "update-2025-08-17-0743.tsx",
    "update-2025-08-17-0742.tsx",
    "update-2025-08-17-0741.tsx",
    "update-2025-08-17T10-40.tsx",
    "update-2025-08-17-1040.tsx",
    "update-2025-08-17-0739.tsx",
    "update-2025-08-17-0738.tsx",
    "update-2025-08-17-0737.tsx",
    "update-2025-08-17-0736.tsx",
    "update-2025-08-17-0735.tsx",
    "update-2025-08-17-0734.tsx",
    "update-2025-08-17-0733.tsx",
    "update-2025-08-17-0732.tsx",
    "update-2025-08-17-0731.tsx",
    "update-2025-08-17T10-30.tsx",
    "update-2025-08-17-1030.tsx",
    "update-2025-08-17-0729.tsx",
    "update-2025-08-17-0728.tsx",
    "update-2025-08-17-0727.tsx",
    "update-2025-08-17-0726.tsx",
    "update-2025-08-17-0725.tsx",
    "update-2025-08-17-0724.tsx",
    "update-2025-08-17-0723.tsx",
    "update-2025-08-17-0722.tsx",
    "update-2025-08-17-0721.tsx",
    "update-2025-08-17T10-20.tsx",
    "update-2025-08-17-1020.tsx",
    "update-2025-08-17-0719.tsx",
    "update-2025-08-17-0718.tsx",
    "update-2025-08-17-0717.tsx",
    "update-2025-08-17-0716.tsx",
    "update-2025-08-17-0715.tsx",
    "update-2025-08-17-0714.tsx",
    "update-2025-08-17-0713.tsx",
    "update-2025-08-17-0712.tsx",
    "update-2025-08-17-0711.tsx",
    "update-2025-08-17T10-10.tsx",
    "update-2025-08-17-1010.tsx",
    "update-2025-08-17-0709.tsx",
    "update-2025-08-17-0708.tsx",
    "update-2025-08-17-0707.tsx",
    "update-2025-08-17-0706.tsx",
    "update-2025-08-17-0705.tsx",
    "update-2025-08-17-0704.tsx",
    "update-2025-08-17-0703.tsx"
  ],
  "metrics": {
    "diversityScore": 100,
    "avgLen": 2107,
    "duplicateCount": 0,
    "seoScore": 9
  },
  "guidance": [
    "Aim for varied intros, highlights, and CTAs across updates.",
    "Keep meta description and keywords present for each page.",
    "Include at least one external source highlight when available.",
    "Target 300–1000 characters per update for skim-ability."
  ]
}