{
  "generatedAt": "2025-08-15T05:08:00.411Z",
  "files": [
    "update-2025-08-15-0508.tsx",
    "update-2025-08-15-0507.tsx",
    "update-2025-08-15-0457.tsx",
    "update-2025-08-15-0458.tsx",
    "update-2025-08-15T05-00.tsx",
    "update-2025-08-15-0456.tsx",
    "update-2025-08-15-0841.tsx",
    "update-2025-08-15-0845.tsx",
    "update-2025-08-15-0846.tsx",
    "update-2025-08-15-0847.tsx",
    "update-2025-08-15-0850.tsx",
    "update-2025-08-15-0851.tsx",
    "update-2025-08-15-0852.tsx",
    "update-2025-08-15-0853.tsx",
    "update-2025-08-15-0855.tsx",
    "update-2025-08-15-0856.tsx",
    "update-2025-08-15-0857.tsx",
    "update-2025-08-15-0859.tsx",
    "update-2025-08-15-0900.tsx",
    "update-2025-08-15-0904.tsx",
    "update-2025-08-15-0907.tsx",
    "update-2025-08-15T05-10.tsx",
    "update-2025-08-15T05-20.tsx",
    "update-2025-08-15T05-30.tsx",
    "update-2025-08-15T05-40.tsx",
    "update-2025-08-15T05-50.tsx",
    "update-2025-08-15T05-56.tsx",
    "update-2025-08-15T05-57.tsx",
    "update-2025-08-15T05-58.tsx",
    "update-2025-08-15T05-59.tsx",
    "update-2025-08-15T06-00.tsx",
    "update-2025-08-15T06-01.tsx",
    "update-2025-08-15T06-02.tsx",
    "update-2025-08-15T06-03.tsx",
    "update-2025-08-15T06-04.tsx",
    "update-2025-08-15T06-05.tsx",
    "update-2025-08-15T06-06.tsx",
    "update-2025-08-15T06-07.tsx",
    "update-2025-08-15T06-08.tsx",
    "update-2025-08-15T06-09.tsx",
    "update-2025-08-15T06-10.tsx",
    "update-2025-08-15T06-11.tsx",
    "update-2025-08-15T06-12.tsx",
    "update-2025-08-15T06-13.tsx",
    "update-2025-08-15T06-14.tsx",
    "update-2025-08-15T06-15.tsx",
    "update-2025-08-15T06-16.tsx",
    "update-2025-08-15T06-21.tsx",
    "update-2025-08-15T06-22.tsx",
    "update-2025-08-15T06-23.tsx",
    "update-2025-08-15T06-24.tsx",
    "update-2025-08-15T06-25.tsx",
    "update-2025-08-15T06-26.tsx",
    "update-2025-08-15T06-27.tsx",
    "update-2025-08-15T06-28.tsx",
    "update-2025-08-15T06-29.tsx",
    "update-2025-08-15T06-30.tsx",
    "update-2025-08-15T06-31.tsx",
    "update-2025-08-15T06-32.tsx",
    "update-2025-08-15T06-33.tsx",
    "update-2025-08-15T06-34.tsx",
    "update-2025-08-15T06-35.tsx",
    "update-2025-08-15T06-36.tsx",
    "update-2025-08-15T06-37.tsx",
    "update-2025-08-15T06-38.tsx",
    "update-2025-08-15T06-39.tsx",
    "update-2025-08-15T06-40.tsx",
    "update-2025-08-15T06-41.tsx",
    "update-2025-08-15T06-42.tsx",
    "update-2025-08-15T06-43.tsx",
    "update-2025-08-15T06-44.tsx",
    "update-2025-08-15T06-46.tsx",
    "update-2025-08-15T06-47.tsx",
    "update-2025-08-15T06-48.tsx",
    "update-2025-08-15T06-49.tsx",
    "update-2025-08-15T06-50.tsx",
    "update-2025-08-15T06-51.tsx",
    "update-2025-08-15T06-52.tsx",
    "update-2025-08-15T06-53.tsx",
    "update-2025-08-15T06-54.tsx",
    "update-2025-08-15T06-55.tsx",
    "update-2025-08-15T06-56.tsx",
    "update-2025-08-15T06-57.tsx",
    "update-2025-08-15T06-58.tsx",
    "update-2025-08-15T06-59.tsx",
    "update-2025-08-15T07-00.tsx",
    "update-2025-08-15T07-01.tsx",
    "update-2025-08-15T07-02.tsx",
    "update-2025-08-15T07-03.tsx",
    "update-2025-08-15T07-04.tsx",
    "update-2025-08-15T07-05.tsx",
    "update-2025-08-15T07-06.tsx",
    "update-2025-08-15T07-08.tsx",
    "update-2025-08-15T07-09.tsx",
    "update-2025-08-15T07-10.tsx",
    "update-2025-08-15T07-11.tsx",
    "update-2025-08-15T07-13.tsx",
    "update-2025-08-15T07-14.tsx",
    "update-2025-08-15T07-15.tsx",
    "update-2025-08-15T07-16.tsx"
  ],
  "metrics": {
    "diversityScore": 100,
    "avgLen": 1545,
    "duplicateCount": 0,
    "seoScore": 15
  },
  "guidance": [
    "Aim for varied intros, highlights, and CTAs across updates.",
    "Keep meta description and keywords present for each page.",
    "Include at least one external source highlight when available.",
    "Target 300–1000 characters per update for skim-ability."
  ]
}