{
  "generatedAt": "2025-08-15T07:12:28.476Z",
  "files": [
    "update-2025-08-15-0412.tsx",
    "update-2025-08-15T07-11.tsx",
    "update-2025-08-15-0711.tsx",
    "update-2025-08-15-0411.tsx",
    "update-2025-08-15T07-10.tsx",
    "update-2025-08-15-0710.tsx",
    "update-2025-08-15T07-09.tsx",
    "update-2025-08-15-0709.tsx",
    "update-2025-08-15-0409.tsx",
    "update-2025-08-15T07-08.tsx",
    "update-2025-08-15-0708.tsx",
    "update-2025-08-15-0408.tsx",
    "update-2025-08-15-0707.tsx",
    "update-2025-08-15-0407.tsx",
    "update-2025-08-15T07-06.tsx",
    "update-2025-08-15-0706.tsx",
    "update-2025-08-15-0406.tsx",
    "update-2025-08-15T07-05.tsx",
    "update-2025-08-15-0705.tsx",
    "update-2025-08-15-0405.tsx",
    "update-2025-08-15T07-04.tsx",
    "update-2025-08-15-0704.tsx",
    "update-2025-08-15-0404.tsx",
    "update-2025-08-15T07-03.tsx",
    "update-2025-08-15-0703.tsx",
    "update-2025-08-15-0403.tsx",
    "update-2025-08-15T07-02.tsx",
    "update-2025-08-15-0702.tsx",
    "update-2025-08-15-0402.tsx",
    "update-2025-08-15T07-01.tsx",
    "update-2025-08-15-0701.tsx",
    "update-2025-08-15-0401.tsx",
    "update-2025-08-15T07-00.tsx",
    "update-2025-08-15-0700.tsx",
    "update-2025-08-15T06-59.tsx",
    "update-2025-08-15-0659.tsx",
    "update-2025-08-15-0359.tsx",
    "update-2025-08-15T06-58.tsx",
    "update-2025-08-15-0658.tsx",
    "update-2025-08-15-0358.tsx",
    "update-2025-08-15T06-57.tsx",
    "update-2025-08-15-0357.tsx",
    "update-2025-08-15-0657.tsx",
    "update-2025-08-15T06-56.tsx",
    "update-2025-08-15-0656.tsx",
    "update-2025-08-15-0356.tsx",
    "update-2025-08-15T06-55.tsx",
    "update-2025-08-15-0655.tsx",
    "update-2025-08-15-0355.tsx",
    "update-2025-08-15T06-54.tsx",
    "update-2025-08-15-0654.tsx",
    "update-2025-08-15-0354.tsx",
    "update-2025-08-15T06-53.tsx",
    "update-2025-08-15-0653.tsx",
    "update-2025-08-15-0353.tsx",
    "update-2025-08-15T06-52.tsx",
    "update-2025-08-15-0652.tsx",
    "update-2025-08-15-0352.tsx",
    "update-2025-08-15T06-51.tsx",
    "update-2025-08-15-0651.tsx",
    "update-2025-08-15-0351.tsx",
    "update-2025-08-15T06-50.tsx",
    "update-2025-08-15-0650.tsx",
    "update-2025-08-15-0350.tsx",
    "update-2025-08-15T06-49.tsx",
    "update-2025-08-15-0649.tsx",
    "update-2025-08-15-0349.tsx",
    "update-2025-08-15T06-48.tsx",
    "update-2025-08-15-0648.tsx",
    "update-2025-08-15-0348.tsx",
    "update-2025-08-15T06-47.tsx",
    "update-2025-08-15-0647.tsx",
    "update-2025-08-15-0347.tsx",
    "update-2025-08-15T06-46.tsx",
    "update-2025-08-15-0646.tsx",
    "update-2025-08-15-0346.tsx",
    "update-2025-08-15-0645.tsx",
    "update-2025-08-15-0345.tsx",
    "update-2025-08-15T06-44.tsx",
    "update-2025-08-15-0644.tsx",
    "update-2025-08-15-0344.tsx",
    "update-2025-08-15T06-43.tsx",
    "update-2025-08-15-0643.tsx",
    "update-2025-08-15-0343.tsx",
    "update-2025-08-15T06-42.tsx",
    "update-2025-08-15-0642.tsx",
    "update-2025-08-15-0342.tsx",
    "update-2025-08-15T06-41.tsx",
    "update-2025-08-15-0341.tsx",
    "update-2025-08-15-0641.tsx",
    "update-2025-08-15T06-40.tsx",
    "update-2025-08-15-0340.tsx",
    "update-2025-08-15-0339.tsx",
    "update-2025-08-15-0640.tsx",
    "update-2025-08-15T06-39.tsx",
    "update-2025-08-15-0639.tsx",
    "update-2025-08-15T06-38.tsx",
    "update-2025-08-15-0638.tsx",
    "update-2025-08-15-0338.tsx",
    "update-2025-08-15T06-37.tsx"
  ],
  "metrics": {
    "diversityScore": 100,
    "avgLen": 1882,
    "duplicateCount": 0,
    "seoScore": 34
  },
  "guidance": [
    "Aim for varied intros, highlights, and CTAs across updates.",
    "Keep meta description and keywords present for each page.",
    "Include at least one external source highlight when available.",
    "Target 300–1000 characters per update for skim-ability."
  ]
}