{
  "generatedAt": "2025-08-15T21:32:01.099Z",
  "files": [
    "update-2025-08-15-1832.tsx",
    "update-2025-08-15-1831.tsx",
    "update-2025-08-15T21-30.tsx",
    "update-2025-08-15-2130.tsx",
    "update-2025-08-15-1829.tsx",
    "update-2025-08-15-1828.tsx",
    "update-2025-08-15-1827.tsx",
    "update-2025-08-15-1826.tsx",
    "update-2025-08-15-1825.tsx",
    "update-2025-08-15-1824.tsx",
    "update-2025-08-15-1823.tsx",
    "update-2025-08-15-1822.tsx",
    "update-2025-08-15-1821.tsx",
    "update-2025-08-15T21-20.tsx",
    "update-2025-08-15-2120.tsx",
    "update-2025-08-15-1819.tsx",
    "update-2025-08-15-1818.tsx",
    "update-2025-08-15-1817.tsx",
    "update-2025-08-15-1816.tsx",
    "update-2025-08-15-1815.tsx",
    "update-2025-08-15-1814.tsx",
    "update-2025-08-15-1813.tsx",
    "update-2025-08-15-1812.tsx",
    "update-2025-08-15-1811.tsx",
    "update-2025-08-15T21-10.tsx",
    "update-2025-08-15-2110.tsx",
    "update-2025-08-15-1809.tsx",
    "update-2025-08-15-1808.tsx",
    "update-2025-08-15-1807.tsx",
    "update-2025-08-15-1806.tsx",
    "update-2025-08-15-1805.tsx",
    "update-2025-08-15-1804.tsx",
    "update-2025-08-15-1803.tsx",
    "update-2025-08-15-1802.tsx",
    "update-2025-08-15-1801.tsx",
    "update-2025-08-15T21-00.tsx",
    "update-2025-08-15-2100.tsx",
    "update-2025-08-15-1759.tsx",
    "update-2025-08-15-1758.tsx",
    "update-2025-08-15-1757.tsx",
    "update-2025-08-15-1756.tsx",
    "update-2025-08-15-1755.tsx",
    "update-2025-08-15-1754.tsx",
    "update-2025-08-15-1753.tsx",
    "update-2025-08-15-1752.tsx",
    "update-2025-08-15-1751.tsx",
    "update-2025-08-15T20-50.tsx",
    "update-2025-08-15-2050.tsx",
    "update-2025-08-15-1749.tsx",
    "update-2025-08-15-1748.tsx",
    "update-2025-08-15-1747.tsx",
    "update-2025-08-15-1746.tsx",
    "update-2025-08-15-1745.tsx",
    "update-2025-08-15-1744.tsx",
    "update-2025-08-15-1743.tsx",
    "update-2025-08-15-1742.tsx",
    "update-2025-08-15-1741.tsx",
    "update-2025-08-15T20-40.tsx",
    "update-2025-08-15-2040.tsx",
    "update-2025-08-15-1739.tsx",
    "update-2025-08-15-1738.tsx",
    "update-2025-08-15-1737.tsx",
    "update-2025-08-15-1736.tsx",
    "update-2025-08-15-1735.tsx",
    "update-2025-08-15-1734.tsx",
    "update-2025-08-15-1733.tsx",
    "update-2025-08-15-1732.tsx",
    "update-2025-08-15-1731.tsx",
    "update-2025-08-15T20-30.tsx",
    "update-2025-08-15-2030.tsx",
    "update-2025-08-15-1729.tsx",
    "update-2025-08-15-1728.tsx",
    "update-2025-08-15-1727.tsx",
    "update-2025-08-15-1726.tsx",
    "update-2025-08-15-1725.tsx",
    "update-2025-08-15-1724.tsx",
    "update-2025-08-15-1723.tsx",
    "update-2025-08-15-1722.tsx",
    "update-2025-08-15-1721.tsx",
    "update-2025-08-15T20-20.tsx",
    "update-2025-08-15-2020.tsx",
    "update-2025-08-15-1719.tsx",
    "update-2025-08-15-1718.tsx",
    "update-2025-08-15-1717.tsx",
    "update-2025-08-15-1716.tsx",
    "update-2025-08-15-1715.tsx",
    "update-2025-08-15-1714.tsx",
    "update-2025-08-15-1713.tsx",
    "update-2025-08-15-1712.tsx",
    "update-2025-08-15-1711.tsx",
    "update-2025-08-15T20-10.tsx",
    "update-2025-08-15-2010.tsx",
    "update-2025-08-15-1709.tsx",
    "update-2025-08-15-1708.tsx",
    "update-2025-08-15-1707.tsx",
    "update-2025-08-15-1706.tsx",
    "update-2025-08-15-1705.tsx",
    "update-2025-08-15-1704.tsx",
    "update-2025-08-15-1703.tsx",
    "update-2025-08-15-1702.tsx"
  ],
  "metrics": {
    "diversityScore": 100,
    "avgLen": 2101,
    "duplicateCount": 0,
    "seoScore": 9
  },
  "guidance": [
    "Aim for varied intros, highlights, and CTAs across updates.",
    "Keep meta description and keywords present for each page.",
    "Include at least one external source highlight when available.",
    "Target 300–1000 characters per update for skim-ability."
  ]
}